{"type":"FeatureCollection","features":[{"type":"Feature","properties":{"uf":"AC","nome":"Acre"},"geometry":{"type":"MultiPolygon","coordinates":[[[[-66.80619273559516,-9.814462991904888],[-66.6274580337192,-9.935784807992885],[-66.6641862464543,-9.949017593734231],[-66.7316526384822,-9.980867734408235],[-66.77984836489618,-10.017498841445642],[-66.84026637859473,-10.071477129533232],[-66.88363215325904,-10.108240944716002],[-66.9183230462276,-10.131471963043362],[-66.95882037689628,-10.191124153298732],[-66.9816016739146,-10.196083739816055],[-67.00138654040033,-10.230332046372103],[-67.04391305744606,-10.266880208081963],[-67.10012641602785,-10.28674448726579],[-67.14729790120437,-10.324523573056275],[-67.24829693270709,-10.32684445226305],[-67.32743639399443,-10.334946289476065],[-67.3563227700505,-10.393536007776277],[-67.41974658055548,-10.430825053680294],[-67.51799039948231,-10.490994624184843],[-67.67677500939627,-10.605263311708361],[-67.75337822216363,-10.696363351857784],[-67.80822193325228,-10.667959074778759],[-67.8585503673861,-10.646247418494339],[-67.91732905571978,-10.652690754847999],[-68.01241412298944,-10.648113830729246],[-68.0645651797103,-10.682882135520478],[-68.10505253455743,-10.722423901433757],[-68.10751539806013,-10.764588459953172],[-68.18262887882786,-10.856641916198285],[-68.23109699125365,-10.9437250195406],[-68.32614921608774,-11.009927848214566],[-68.42318463057381,-11.041969045216806],[-68.61220292732213,-11.124131132506472],[-68.75625228977097,-11.076749965647407],[-68.7625792084608,-11.019650006858036],[-68.78969425795208,-11.001219625274691],[-68.82891667079598,-11.008620972723843],[-68.86091365576134,-11.018321490655843],[-68.90871906305142,-11.022093656647572],[-68.96844244446359,-10.988770876546392],[-69.01103065426854,-10.995974115752784],[-69.07839064562295,-10.975059923394296],[-69.15041092235568,-10.96910360424851],[-69.23235821699816,-10.940300839893847],[-69.28341498525164,-10.943809257960892],[-69.34694458192354,-10.947668411307209],[-69.39477215835653,-10.934989432494966],[-69.45452573450245,-10.950221544156575],[-69.50788531025064,-10.941983325711105],[-69.5890246854261,-10.940896765822837],[-69.67896639968498,-10.960284429836348],[-69.74655588503065,-10.962326029612445],[-69.80096875974756,-10.926571589306548],[-69.87516406483053,-10.929486086408135],[-69.96252804293863,-10.934925479804262],[-70.00866316637567,-10.962197195209816],[-70.06572399930101,-10.98696980684209],[-70.09877481641237,-10.992494949289723],[-70.15630088230756,-11.034334578628378],[-70.20039142890357,-11.05402634912347],[-70.28630604754497,-11.058131450434969],[-70.40658257497283,-11.047920900240577],[-70.48685659868171,-10.964717098119076],[-70.62456988205726,-10.075357858076103],[-70.54601105348212,-9.777788780324544],[-70.54858607389724,-9.676904463849173],[-70.58581369599659,-9.585629315372184],[-70.57525387192933,-9.561868543456452],[-70.55754664813145,-9.535677186121193],[-70.50516689637656,-9.503996005875313],[-70.4932589924798,-9.426634417897487],[-70.54400556932708,-9.426288658909156],[-70.587130378495,-9.445663567682558],[-70.62223732187516,-9.469890489348463],[-70.65255814810351,-9.49927891660183],[-70.67976750663063,-9.528440136506138],[-70.72946735394913,-9.56801085643495],[-70.75612739059314,-9.581456635594597],[-70.78460578684994,-9.621997097464668],[-70.83069379336557,-9.645268240798126],[-70.88892958923626,-9.689281137169619],[-70.96342059454697,-9.747925079858849],[-71.03292968443482,-9.81454914591354],[-71.18231292031236,-9.91830604666669],[-71.30890039390368,-9.992803940791411],[-72.19938797605535,-10.000562812936131],[-72.1655041130125,-9.892768813946812],[-72.14931083358891,-9.799778311049817],[-72.27166524006927,-9.743034920171443],[-72.25407594445574,-9.612705544885884],[-72.35470946760411,-9.540819594694407],[-72.38744666369391,-9.494487050599394],[-72.43741765496394,-9.47664311247108],[-72.47283252948726,-9.48145523721179],[-72.52425828504579,-9.48360687515076],[-72.56041836019216,-9.474918638442949],[-72.58845139450527,-9.465107413977776],[-72.64833114832926,-9.454707787672998],[-72.6855358022,-9.447629951443389],[-72.72378633396221,-9.434375575893977],[-73.20814308606867,-9.41211525853105],[-73.12996941353653,-9.313966104600624],[-73.02394069209103,-9.228428218108828],[-72.95333832061056,-9.129092950472074],[-72.94217181123783,-8.987325080855436],[-73.05536047918164,-8.877589542356347],[-73.12523079973828,-8.711502689648157],[-73.24084734906798,-8.666705319249413],[-73.28282757526344,-8.560979029099682],[-73.38271109719098,-8.46901883953186],[-73.48695590106621,-8.386599068625413],[-73.56113920946714,-8.23608589096575],[-73.60794356341553,-8.087275889500066],[-73.68955105528451,-7.972150500123398],[-73.77096847423552,-7.897626996166967],[-73.68777025283762,-7.821400350742802],[-73.85804427117753,-7.67851266887522],[-73.99131678839517,-7.5367429588468955],[-73.96800720009618,-7.360586283162955],[-73.83045807881365,-7.337311785793894],[-73.71656783087597,-7.267997374403947],[-73.80135235378388,-7.111852056859138],[-72.36470764658553,-7.577785259948407],[-70.79238828562991,-7.760464131429408],[-70.23582710796309,-7.824446414705473],[-69.06206995500563,-8.693549691783222],[-67.97491149232198,-9.35358594967927],[-66.81016074991015,-9.818076285848187],[-66.80619273559516,-9.814462991904888]]]]}},{"type":"Feature","properties":{"uf":"AL","nome":"Alagoas"},"geometry":{"type":"MultiPolygon","coordinates":[[[[-35.15263036076017,-8.913733478048355],[-35.18866839367308,-8.982843088678115],[-35.237446058578456,-9.060851353488399],[-35.257731075496636,-9.090989148354849],[-35.282958177478434,-9.128265471617171],[-35.29477752374631,-9.17008919969013],[-35.34237955942783,-9.231076109300743],[-35.38684138971609,-9.286276800321586],[-35.41576119789583,-9.321154433728903],[-35.463807721933954,-9.347758066443397],[-35.502833478168625,-9.418477667622463],[-35.553809803402935,-9.474550641768083],[-35.605284181495385,-9.53152303541708],[-35.65000739224026,-9.567556712989033],[-35.69486915343348,-9.664812143713515],[-35.722838205426704,-9.676201308091509],[-35.794548290118854,-9.713166743102063],[-35.85509010057265,-9.788213963129625],[-35.93530885433857,-9.899214244049146],[-36.04314192181714,-10.06473442817758],[-36.102309084904896,-10.113767365050547],[-36.13539744074779,-10.159266697759616],[-36.223102363540285,-10.223174005672096],[-36.29914349178248,-10.314528348179378],[-36.3074648484892,-10.364247454376574],[-36.40528836555916,-10.481727769594434],[-36.45689626672917,-10.407383041009625],[-36.51006942463966,-10.43284584506848],[-36.54468453031258,-10.430063353933457],[-36.564415410967364,-10.380160709435074],[-36.588988112418825,-10.301860424850572],[-36.62197952462003,-10.25924066157445],[-36.65797940944219,-10.265365767175696],[-36.72043340905058,-10.26497580465887],[-36.75621533050547,-10.23176886382663],[-36.835694518637396,-10.204108965574672],[-36.84864513712212,-10.162819561629318],[-36.918459385953575,-10.132283347122826],[-36.95085524485312,-10.077573896991604],[-36.95644948185974,-10.02365020981579],[-36.95912204654809,-10.01115764101624],[-37.04424822477241,-9.98872568305704],[-37.080711384053544,-9.961317165083322],[-37.235577803313916,-9.896071295666063],[-37.297234370767285,-9.827633301292831],[-37.362849907268156,-9.786918916690174],[-37.4503250633048,-9.753379205565277],[-37.5535685092257,-9.740687558319252],[-37.64511960559783,-9.691724954120357],[-37.68084646616329,-9.64807209646065],[-37.77870854525794,-9.638754492044916],[-37.81827992792873,-9.592929252418246],[-37.886201089334534,-9.550202362178906],[-38.00332047433408,-9.515065718648888],[-38.0303523211371,-9.46696749224291],[-38.07973783680591,-9.440422692659983],[-38.17772863626177,-9.425422489783331],[-38.194205277826136,-9.394421918032846],[-38.223626636423674,-9.346942552735328],[-38.15801122722451,-9.263865538704474],[-38.11927615246305,-9.201838921869323],[-38.05277486823522,-9.1678544318724],[-37.999512808353245,-9.15227898704432],[-37.9543343858844,-9.109560352414158],[-37.90496265879461,-9.040271100817527],[-37.87962815941257,-9.015449092660543],[-37.84603858528152,-8.984806222345323],[-37.82852795867123,-8.921821067321138],[-37.81183317652999,-8.884782063831183],[-37.77606649693097,-8.862549510115471],[-37.741625960773064,-8.887695841462936],[-37.7217062140122,-8.915557898793413],[-37.684049004492195,-8.968438954038886],[-37.68950045008839,-8.990334512857599],[-37.64391530211629,-9.018377935891525],[-37.6008675334984,-8.9761564053877],[-37.532436841888554,-8.961368462014956],[-37.48703723381539,-8.975590805040847],[-37.49378829785094,-9.000725702994322],[-37.41848834438173,-9.043863866854515],[-37.32773572522183,-9.093259500376714],[-37.28796168272212,-9.136383051394803],[-37.24326486799712,-9.186071353255215],[-37.22881695962715,-9.225569446134188],[-37.158981978052466,-9.239135004107409],[-37.164369219046506,-9.275738689898413],[-37.08093963131884,-9.254034624671414],[-37.04556522940145,-9.31591446594201],[-36.95246847769085,-9.382575850246047],[-36.937913679029556,-9.352853773681527],[-36.91585711991485,-9.299053237795915],[-36.87981834267383,-9.276406854454551],[-36.83607737718018,-9.288660577588292],[-36.693881824936,-9.275363685918338],[-36.64472359806128,-9.314402953832092],[-36.62791701846723,-9.332366313862963],[-36.614787900154425,-9.331057469546044],[-36.58630413600452,-9.338116167237462],[-36.572796606468266,-9.320032773143454],[-36.49869054232906,-9.264943462640394],[-36.48137113481585,-9.239500268456872],[-36.454297398568315,-9.2256925498103],[-36.419841076523944,-9.22959913867205],[-36.390078845620096,-9.224906394880724],[-36.353642898355524,-9.22015237999716],[-36.32156030134554,-9.185411242660075],[-36.29724107347508,-9.176812581581169],[-36.26017784518128,-9.170833669768756],[-36.24791014590131,-9.177891273183507],[-36.246291396470596,-9.143630386046226],[-36.26703601651829,-9.111121208706248],[-36.22195333579586,-9.073333699710888],[-36.18898708829379,-9.046325841337158],[-36.15176741064492,-9.042724965335905],[-36.111532467626404,-9.017703442145397],[-36.11222951930548,-8.987818552852454],[-36.086450286687636,-8.944097876155327],[-36.00542589297013,-8.91303078688874],[-35.96129658809928,-8.894398637882128],[-35.91146271125845,-8.861319576305084],[-35.85128077203804,-8.868055728171644],[-35.823019187483766,-8.857449261453493],[-35.78763937891086,-8.85116049402975],[-35.779181501135234,-8.888671619479949],[-35.74844251402766,-8.917181579347734],[-35.70031994555406,-8.906620097825577],[-35.6520280840511,-8.882285941750991],[-35.594154608629914,-8.854884094218203],[-35.55701048760502,-8.831513492194592],[-35.511568786398406,-8.817564704737395],[-35.49351936890552,-8.825358162469806],[-35.46238922248847,-8.818859860596827],[-35.43591786149212,-8.84096008797586],[-35.40755401389837,-8.842417867092074],[-35.299336975632144,-8.873664350053632],[-35.24446081728147,-8.884974882336063],[-35.20913831938818,-8.891794029197209],[-35.15263036076017,-8.913733478048355]]]]}},{"type":"Feature","properties":{"uf":"AM","nome":"Amazonas"},"geometry":{"type":"MultiPolygon","coordinates":[[[[-67.32589587626377,2.0297569730871743],[-66.85674896975601,1.230246884497759],[-65.9776097850837,0.811849728860298],[-65.75063333321123,0.9824469455761983],[-65.53069562609173,0.9561384654754254],[-65.57619844064777,0.7116220815564135],[-65.39647761819545,0.7905432242426442],[-65.19702643306536,0.9108047129441409],[-65.02208238432502,1.1149751980730758],[-64.82494791833975,1.2951451083259153],[-64.5759181583248,1.3540957363938424],[-64.37869857184991,1.4635649415675835],[-64.27869961320208,1.4785479631372112],[-64.06675299873463,1.7079664976230282],[-63.995362246896114,1.9799246917117936],[-63.73897650832582,2.016332499791481],[-63.53620099597873,2.1310322522547973],[-63.16530432384091,2.180330264699864],[-62.719503828547495,1.9534505574190468],[-62.639819274040974,1.438247722986838],[-62.44982993628621,0.9837941069449981],[-62.4584304101092,0.41769859212354404],[-62.32260784042229,-0.024238424286372524],[-62.24542771876694,-0.29445158280021544],[-62.294629527074065,-0.5077654781755914],[-62.35371818534528,-0.6770208196778802],[-62.51010628574609,-0.7589612144080425],[-62.29816487358574,-0.9409107708585619],[-61.98789251691217,-1.2167389571864446],[-61.49094388850633,-1.5748033693541],[-61.62872862646188,-1.3014691682350827],[-61.56060959464714,-0.9880534346517948],[-61.46455152633021,-0.664800617830403],[-61.173442912492085,-0.5081449875891074],[-60.91622374650858,-0.6103697637210626],[-60.75650476226581,-0.795643367370145],[-60.54095226224038,-0.8753687350750318],[-60.317059305689725,-0.7228771487613461],[-60.39097571032339,-0.49423589716678906],[-60.299278733159646,-0.2117565370206403],[-60.14031635323162,0.04740746081151055],[-58.86671031594477,-0.13791713008142217],[-58.71662373238643,-0.5072564381808009],[-58.5907883241909,-0.7737697701563397],[-58.41466787006894,-0.9670866369386037],[-58.21518489474027,-1.1657134873342685],[-57.99059640220046,-1.2920555417238344],[-57.812593692580414,-1.4524226846765553],[-57.61007319887858,-1.5749659888377956],[-57.397544384437815,-1.6917155537818764],[-57.20112497156397,-1.7239899924097377],[-56.980129290882886,-1.923699756485428],[-56.70769061147164,-2.1839368583048797],[-56.37498821227912,-2.1388142163136163],[-56.192000544330746,-2.1714829113317062],[-56.72345538812195,-3.146624617344854],[-58.293029063171026,-6.493892818923968],[-58.20867013032775,-7.136362309037768],[-58.28242032159994,-7.716840857184308],[-58.317355351179145,-8.154556747393087],[-58.4103926836252,-8.570401621399663],[-58.42266555087363,-8.788724689257798],[-60.84932668716582,-8.79816649069118],[-61.76352659987477,-8.728812299899019],[-62.02124852419673,-8.823614408330167],[-62.28927032054047,-8.58892028993502],[-62.44524219362467,-8.362498097558845],[-62.61027356280852,-8.259814963140476],[-62.86652402593562,-7.975881654522046],[-63.791138675341514,-8.333231291250064],[-63.93592148816489,-8.592875446193263],[-64.13566876942957,-8.820408674877548],[-64.45537205556063,-8.97788002999994],[-64.87894075465223,-9.022838732698915],[-65.01261708479682,-9.32870068705402],[-65.19689885136324,-9.367464521385356],[-65.45650926116373,-9.401233968046887],[-65.67934395332267,-9.4514188600775],[-65.93178841925081,-9.447620710938844],[-66.31476407965295,-9.433841399110907],[-66.58621389476482,-9.673587832843628],[-67.97708886130647,-9.352600546202922],[-70.70725607493755,-7.770275158951408],[-73.79653919608302,-7.103360569870834],[-73.55956904152303,-6.720979781969181],[-73.23299015628356,-6.577923930337641],[-73.10877814599263,-6.410584817829138],[-73.23726081820855,-6.032216167930879],[-73.11003716379255,-5.8242491475740366],[-72.96500260445096,-5.66172844204062],[-72.90911109260108,-5.366077257503252],[-72.8560549992227,-5.14357166437531],[-72.66778078194518,-5.055205760375653],[-72.48147490261398,-4.953601695353461],[-72.37145026295356,-4.807383667381543],[-72.1455871709299,-4.721583308661338],[-71.94599997585375,-4.575793077775948],[-71.75170120539656,-4.495376108557939],[-71.58253738767729,-4.520217885884172],[-71.38856790806337,-4.428185489292517],[-71.22059482978658,-4.405597825927851],[-71.05848723100789,-4.386663809709992],[-70.89970859512155,-4.3245925601794575],[-70.68085187765203,-4.1997958006218585],[-70.49501850867242,-4.166303087797124],[-70.29029826810657,-4.24134019369803],[-70.16796541219263,-4.314765013432429],[-69.95369364802882,-4.253426831915953],[-69.428702210761,-1.3865979277611793],[-69.42146516141683,-1.0004146281728086],[-69.62617909550369,-0.7497313089931157],[-69.63312552492813,-0.49844945697813353],[-69.95353353695691,-0.29214146013332937],[-69.94217481133668,0.5543149685814067],[-69.65617067303045,0.6660622241138251],[-69.43693179250056,0.694382392526499],[-69.19560835601082,0.6373659135803353],[-69.13628844457843,0.8636310392638945],[-69.36104794885526,1.0881719833582135],[-69.74001670882132,1.1206808815505833],[-69.68298261746249,1.7471156490678559],[-68.69707178506619,1.7320216562767146],[-68.14049537359324,1.9848219508746305],[-67.7497310016714,2.040170589750792],[-67.32589587626377,2.0297569730871743]]]]}},{"type":"Feature","properties":{"uf":"AP","nome":"Amap\u00e1"},"geometry":{"type":"MultiPolygon","coordinates":[[[[-50.09389012629102,0.7020454672321759],[-50.467238462309595,0.5308728066591336],[-50.67563524363614,0.17912982579064407],[-50.996883678167116,0.003401569538022784],[-51.174868886224,-0.10458467751425923],[-51.36247436955362,-0.36815679116481936],[-51.665447968920546,-0.7619428920096356],[-51.74787990636467,-1.1072638743973535],[-51.95584066495416,-1.1697194680556509],[-51.9910862734429,-1.1718610164469236],[-52.070422500104925,-1.2360289273181417],[-52.173533838039916,-1.1301785072444783],[-52.400139351568576,-1.043678473299296],[-52.4394560963702,-0.9355963070414451],[-52.455478100387786,-0.8303164950178921],[-52.521145003368375,-0.8011852349276883],[-52.51580881710685,-0.6636229766053134],[-52.629144706245626,-0.5939013052562144],[-52.70264021733307,-0.45928745462866205],[-52.68877709667242,-0.30419325331508706],[-52.87677768116708,-0.14281609145923507],[-53.0036391793907,0.04380586156292225],[-53.09424665218483,0.19524293576285126],[-53.17526377331562,0.38165068569218924],[-53.15201786505154,0.5318255326883915],[-53.10625142089503,0.6839122565859505],[-53.202387170550594,0.7757197552300698],[-53.41144460093826,0.9292702488214308],[-53.4222795163448,1.0336622247575848],[-53.421224383526976,1.1472842747615097],[-53.433695433975686,1.2344100632006572],[-53.53046769859408,1.2735453170459952],[-53.56380603979158,1.3496143036728578],[-53.6434700748918,1.3638062249072957],[-53.68041782836369,1.3724405601348224],[-53.72400064816646,1.428148123538626],[-53.78366835898567,1.4027729207295123],[-53.830718545990116,1.3937720656704353],[-53.88769644261452,1.4077060169757998],[-53.93033178563924,1.4498478049479473],[-53.97607901657827,1.4721943617135866],[-54.024521244886095,1.4997743611138636],[-54.08510612495595,1.505379712590987],[-54.118493839196425,1.5813961343763547],[-54.14360613631035,1.6405272841604597],[-54.1910457838328,1.6248246345771484],[-54.26918438262625,1.6941569907470928],[-54.28983051476556,1.7204965216564045],[-54.32338137479877,1.7374166512431013],[-54.41783295668967,1.7564828721653492],[-54.501770123506596,1.750999071902193],[-54.60185404391885,1.7844864646577807],[-54.702185047977125,1.7721886263787023],[-54.74054828040522,1.8319643279663214],[-54.76585508923452,1.9075614487734072],[-54.76896095279941,1.9961141479328148],[-54.81201542387397,2.0709387989443226],[-54.789577846500094,2.156119014779599],[-54.775047759683936,2.2202497129203693],[-54.80498725361491,2.3291305861360287],[-54.743967206149314,2.4713903205018544],[-53.98991222952824,2.2373308498940605],[-53.93654494824088,2.286139045429617],[-53.88915753562979,2.2861444368415786],[-53.8420194269926,2.307564044877386],[-53.80544058090479,2.3574267900581627],[-53.73910457474346,2.37256105029086],[-53.73655238765022,2.3238575248544153],[-53.68046706053537,2.2969458275400036],[-53.61221662326512,2.286318664453782],[-53.49532661633199,2.2609492532142967],[-53.43358039524765,2.2878088607991702],[-53.35996846002731,2.3492219283632334],[-53.28276999032422,2.309666889528689],[-53.26319531609499,2.228428833610865],[-53.27781690207823,2.1923725958554474],[-53.2175782028203,2.195739808720352],[-53.060750202631034,2.1922527408910697],[-52.929468182007426,2.188264304956286],[-52.871799517949434,2.2568543268825287],[-52.78644354017223,2.3080508346063997],[-52.71615982417299,2.335522475561772],[-52.62674685255859,2.445625537907049],[-52.552713459531894,2.5271978192913007],[-52.54577626283906,2.6188673726078786],[-52.485687836381125,2.7497419655923143],[-52.40293659799498,2.891614087716874],[-52.39141058813651,2.944220530579024],[-52.347413686613606,3.10054269871257],[-52.34107586021231,3.149032866615796],[-52.262354766614585,3.2561785059766932],[-52.1139579603396,3.452464093544709],[-51.99624105644657,3.6262572093327545],[-51.92428722138361,3.7833445751989045],[-51.828350479650055,3.8543155843067423],[-51.75571771754087,3.9880108591571295],[-51.636122101509805,4.086799599467955],[-51.54959498477012,4.4242504121364155],[-51.25153573310399,4.185253266043528],[-51.17598152913464,3.9601147710085374],[-51.074564757528165,3.850837278449335],[-51.09079142377315,3.6798492437003927],[-51.02201544037733,3.2080070176648694],[-51.01479331520409,3.0453905206321883],[-50.94237972487994,2.8541547554542674],[-50.903242439418435,2.756273567679146],[-50.84604964089967,2.5940577301797267],[-50.85099444758531,2.4947557610346034],[-50.76479648603414,2.4479984922015277],[-50.73463226850337,2.3027425207882803],[-50.68360269798923,2.1543370929756747],[-50.45647002770614,2.2037981724211844],[-50.378693905285985,2.115383191503176],[-50.33758148685557,2.0356535845831414],[-50.10585582610813,1.7919109192311007],[-49.92246821194337,1.6742380545418023],[-49.89649842799979,1.3316418758584097],[-49.94271974910015,1.1126265106714741],[-49.97056099062891,0.9590896685727941],[-50.05327587795401,0.8462858241562067],[-50.06850308407555,0.7921640044867789],[-50.09389012629102,0.7020454672321759]]]]}},{"type":"Feature","properties":{"uf":"BA","nome":"Bahia"},"geometry":{"type":"MultiPolygon","coordinates":[[[[-39.31248429877172,-8.558348194735725],[-38.92496300844523,-8.794784211333425],[-38.5168261480784,-8.933271797533841],[-38.2003215987945,-9.379466250407884],[-38.04030484117913,-9.572484413887768],[-37.96645974892056,-9.819927073964134],[-37.76573608208724,-10.196253126298979],[-37.827979998148884,-10.547665285648293],[-38.04712012698056,-10.69353696446641],[-38.20557677678999,-10.922024256662098],[-38.08384612513948,-11.11974796664168],[-37.98735756348799,-11.271973088357642],[-37.942872740768685,-11.41864087147436],[-37.84015148165313,-11.481693947859808],[-37.65750284096159,-11.533266628561238],[-37.347266624749764,-11.447726937055963],[-38.00797145704156,-12.579528362458909],[-38.583242997200074,-12.999766256968071],[-38.90984939306349,-13.212061485126872],[-38.9052366370145,-13.477961949644916],[-38.988241340370415,-13.715040506814114],[-39.006313514376416,-14.344203566863532],[-39.026700122699296,-14.781461295873791],[-38.90009467381986,-15.765073836041406],[-39.02375643870921,-16.302634102081775],[-39.138001994637776,-16.750181682161514],[-39.13736238876343,-17.684755924845028],[-39.56567103992857,-18.094895755330153],[-40.26460062890507,-17.933902155338284],[-40.277620956895426,-17.723984104727407],[-40.4182264020621,-17.59912429387306],[-40.57748089576901,-17.413646893325083],[-40.56861729144833,-17.24710045152286],[-40.56993835608656,-17.06019953681755],[-40.310425257595256,-16.896669590362674],[-40.310179731983474,-16.736250586421555],[-40.159288826649046,-16.57581036268905],[-40.06581339204265,-16.45755775367926],[-39.928557540923435,-16.25818605404178],[-39.899460662621195,-16.049648141505806],[-40.03270369644706,-15.978610130154166],[-40.066061928967784,-15.909927286061057],[-40.173980904882555,-15.870531326164517],[-40.29441934970429,-15.81665362439403],[-40.51829274612595,-15.797551117167952],[-40.732164229076524,-15.674939979589505],[-40.92654108488731,-15.656095074911672],[-41.33121029235596,-15.744712174845686],[-41.932536186480924,-15.174540495948253],[-42.227428405353685,-15.099304224679766],[-42.5871842406385,-14.930271015579155],[-42.753655179935414,-14.847801457109636],[-42.924967357001,-14.733905005433462],[-43.13298641497451,-14.668069132419225],[-43.425301814037454,-14.720012033805693],[-43.50973875609446,-14.807631960754605],[-43.68660522298591,-14.721697094019024],[-43.882860091142355,-14.652189433076433],[-43.88718810088136,-14.583167803634984],[-43.855436075660876,-14.318074021129485],[-43.950932858820366,-14.290029888401365],[-44.067201718126555,-14.280208775500485],[-44.182909597116215,-14.258260380528249],[-44.281276113862155,-14.252521688496467],[-44.43068239167783,-14.289548688722167],[-44.59735838523877,-14.36793579358571],[-44.66954708060917,-14.416224758331722],[-44.804777773191006,-14.496583865190857],[-44.858773842233425,-14.571547295920503],[-44.943004911980665,-14.630242492239235],[-45.16643933493932,-14.735324036062295],[-45.290131540999404,-14.825755416028425],[-45.399771577182314,-14.917522552453867],[-45.60096554272993,-14.996275053027787],[-45.71590993990745,-15.103704038181569],[-45.85763932633795,-15.148851566626432],[-46.05552898778453,-15.250585305457081],[-46.018468575940034,-15.081318711508894],[-46.049670399346134,-14.83318130290761],[-46.024639180399255,-14.665153688081169],[-45.98911540620711,-14.550319606081347],[-46.01730753643383,-14.420722112349534],[-45.97599974732701,-14.27755511400724],[-46.174166215747384,-14.154732584882343],[-46.26213975876402,-13.902634820618385],[-46.22838666219054,-13.647621228956398],[-46.24328569119361,-13.430278962604067],[-46.287635156067815,-13.326711095101041],[-46.291613854798,-13.143614248828731],[-46.12220168628351,-12.957448798389484],[-46.27350743985931,-12.811231213703728],[-46.26112186910125,-12.549733099349424],[-46.304674489051656,-12.405552937868025],[-46.366109165005334,-12.266671369989227],[-46.379061235150076,-12.060536193766813],[-46.37339797510613,-11.836693006031474],[-46.315075651529376,-11.64468487352074],[-46.2096199418735,-11.598193845210812],[-46.6016535837203,-11.34720334981913],[-46.28392344644023,-10.832075571572913],[-46.05986371387537,-10.574514906858113],[-45.70559368461686,-10.270196242008165],[-45.42575839347021,-10.370307814419405],[-45.10528293804141,-10.846846092523537],[-44.666766098102876,-10.758908528274231],[-44.123333454247,-10.620937355495856],[-43.77486810569359,-10.168333988620079],[-43.68287040798879,-9.815776255563625],[-43.54088247828289,-9.308275684272221],[-43.129714463388034,-9.380061342824773],[-42.83714345559129,-9.550405567276865],[-42.489075845878425,-9.462071749863963],[-41.92477869046605,-9.27783257560118],[-41.570069524345676,-8.955064896225855],[-41.204946536623154,-8.709522566899041],[-40.960921056222666,-8.830795450639714],[-40.73255442276485,-9.124042788186927],[-40.76499118822383,-9.413254262709973],[-40.3325507670165,-9.317609888912873],[-39.89140810855101,-8.967958520035246],[-39.55504934516594,-8.622170047303031],[-39.31248429877172,-8.558348194735725]]],[[[-38.685277077472485,-18.00673809109872],[-38.67764070432757,-18.010983385897482],[-38.676301409414286,-18.016179941881628],[-38.67969859273855,-18.022931809177546],[-38.68593978989164,-18.02382740714856],[-38.691319157170945,-18.022286901415093],[-38.69387054553312,-18.01720318395449],[-38.691689632266865,-18.008572603356487],[-38.68567527294959,-18.01005674056537],[-38.685277077472485,-18.00673809109872]]],[[[-38.65573601133251,-17.966729649879436],[-38.65241860644554,-17.97635897939505],[-38.658259459540616,-17.978474504673326],[-38.66335442222707,-17.977208953328127],[-38.665968268046996,-17.97134401540226],[-38.66000850347732,-17.97172168523311],[-38.66117112100853,-17.968235225599432],[-38.65573601133251,-17.966729649879436]]]]}},{"type":"Feature","properties":{"uf":"CE","nome":"Cear\u00e1"},"geometry":{"type":"MultiPolygon","coordinates":[[[[-37.2530194687015,-4.831772356973367],[-37.651299581150674,-4.965662987716628],[-37.764987425153635,-5.139670507439645],[-37.78314131149134,-5.294868305510183],[-37.88125828689733,-5.436235070250659],[-37.94808641977443,-5.534694623820088],[-38.08290714096174,-5.6725898322005985],[-38.111573793009654,-5.818703258668529],[-38.16351834844288,-5.93894138350532],[-38.25219960475448,-6.01020233543496],[-38.290816634492174,-6.073195592894247],[-38.371346695682185,-6.084450740959885],[-38.427462870778875,-6.069420250797056],[-38.49111506960431,-6.17055122288277],[-38.52899155679988,-6.239912537724205],[-38.56604869026534,-6.30263043907246],[-38.57313314635776,-6.374958846608646],[-38.577750919894754,-6.402924676125047],[-38.555471326650995,-6.4375509096162045],[-38.607110363751374,-6.529555369280529],[-38.64915495184023,-6.627625842261347],[-38.67317599136192,-6.697260846726725],[-38.640293681836084,-6.76402913670753],[-38.65479426465341,-6.8133010435257635],[-38.67544237858813,-6.8618683838899095],[-38.730313932099726,-6.896852280214303],[-38.75732669324652,-6.9582152345438955],[-38.73060906062754,-7.012066319127727],[-38.666713454576,-7.081720500977716],[-38.67674427252876,-7.167610238963025],[-38.62307713680791,-7.207708238122634],[-38.55447114815497,-7.251895172481276],[-38.552237543428774,-7.340638132728947],[-38.596100499121064,-7.438667852229103],[-38.646021598706966,-7.501963291665827],[-38.674493514722286,-7.569368445125216],[-38.723752134253175,-7.626921002233664],[-38.78614096511649,-7.6686266102111444],[-38.821987450788676,-7.714831173109581],[-38.88087758854465,-7.744008481327838],[-38.93407634211651,-7.758866762435652],[-38.96496509126639,-7.829865081620307],[-39.01806645235537,-7.812702582691134],[-39.09057932942274,-7.809641110627915],[-39.171025201338054,-7.715276781188513],[-39.250411505318155,-7.69847947331029],[-39.31141186313502,-7.655272967957664],[-39.38399515415824,-7.608607398133549],[-39.48503650071751,-7.538422815142074],[-39.54327134713716,-7.484796699264718],[-39.60871020002709,-7.423762712108712],[-39.78924825656197,-7.332030876735584],[-39.99860981547499,-7.373549504447565],[-40.263015111610066,-7.301055726262515],[-40.43361057974472,-7.36721267438932],[-40.51028696534402,-7.224389699053261],[-40.45941518331163,-7.078569831370648],[-40.427870124768944,-7.015385500843456],[-40.42853838606565,-6.864288772909247],[-40.40415632090166,-6.802522209697865],[-40.47390570924016,-6.734911556481325],[-40.7261106854183,-6.663238210054118],[-40.789957012475426,-6.500664568628773],[-40.78202731016775,-6.316596067868034],[-40.85035908518625,-6.152589739583698],[-40.88983636655073,-6.004015766556433],[-40.89360947498455,-5.884070434901829],[-40.930394152109805,-5.686247018792036],[-40.93297308626094,-5.547313334901428],[-40.91583018493237,-5.466214802081329],[-40.929005117141784,-5.375851112518603],[-40.921960715182834,-5.284391527548712],[-40.92663875507686,-5.232119910595022],[-40.9824784945967,-5.1535564295649765],[-41.080448120207016,-5.078724396662002],[-41.13829323822668,-4.98452017350946],[-41.22138182272344,-4.938262503070427],[-41.232480651388705,-4.804569040065655],[-41.23524878289004,-4.746561870986822],[-41.229345487352894,-4.620128365216308],[-41.2079461261473,-4.547772041077163],[-41.16002605031904,-4.381531852498596],[-41.09910184311234,-4.181875005716738],[-41.11412931897333,-4.051855501890894],[-41.19948652929536,-4.018391612895663],[-41.24925372316576,-3.989904978622792],[-41.24762286287221,-3.8823239516565833],[-41.29517330639542,-3.8302139059950435],[-41.25544541512488,-3.7032965976756835],[-41.34491680979517,-3.588775079985828],[-41.32418665744292,-3.5034055450131527],[-41.343925088383386,-3.440533454953416],[-41.41872978818324,-3.370524546687377],[-41.322496971895475,-3.17983120238096],[-41.27230434813858,-3.100953848381153],[-41.24901737155642,-3.0287300947007108],[-41.32157613966864,-2.935456250096305],[-41.10172584970254,-2.9009905564361698],[-40.90832932874444,-2.8699616884353207],[-40.84458221461221,-2.884835367488777],[-40.671890360129666,-2.8471407199634844],[-40.45502119375426,-2.804257103915824],[-40.21698253697821,-2.814814900461773],[-40.07946567549646,-2.8348874491960103],[-40.02752458218873,-2.8361473269391007],[-39.96938640466619,-2.849124940464401],[-39.857925261393845,-2.9032061295057128],[-39.68791084245007,-2.99472085456554],[-39.589731427169916,-3.070706930879628],[-39.46482368059198,-3.142197787096244],[-39.324886194059296,-3.2016683499549887],[-39.18769659162354,-3.293828403487302],[-39.09146905052882,-3.384614056363397],[-39.0080534490179,-3.396510620479959],[-38.891294027651576,-3.5052127176777486],[-38.763585021234626,-3.6048670456587164],[-38.59318968854738,-3.6915957077294426],[-38.49930068294785,-3.725300275815467],[-38.40188410115703,-3.823827205874939],[-38.30008259117812,-3.9373972432742685],[-38.19304811105368,-4.039539095317221],[-38.004285246204134,-4.252962646778263],[-37.83568866069887,-4.382576479491089],[-37.743182911344256,-4.471703495892964],[-37.654377197667905,-4.573099551184614],[-37.473136331572675,-4.6491790629291225],[-37.325223816321255,-4.701789765079698],[-37.2530194687015,-4.831772356973367]]]]}},{"type":"Feature","properties":{"uf":"DF","nome":"Distrito Federal"},"geometry":{"type":"MultiPolygon","coordinates":[[[[-47.52418803722316,-15.50045453406075],[-47.41220340328147,-15.548335781138686],[-47.40142355067862,-15.549742446798547],[-47.396469899546354,-15.557934682249085],[-47.387396886464366,-15.566909520097939],[-47.3698080688179,-15.579225776079571],[-47.35644711441318,-15.58137800924521],[-47.34194922871592,-15.582909334464413],[-47.3258050697011,-15.589134430228414],[-47.31704888319244,-15.590736028580608],[-47.32244962553075,-15.597978284565116],[-47.33049162212413,-15.622116392551995],[-47.33062170399505,-15.637070870769893],[-47.32769529430264,-15.649275883941566],[-47.32867313793177,-15.658732206932703],[-47.327446972605834,-15.669494682592912],[-47.33150916410951,-15.681691382433064],[-47.32513664470644,-15.687610525175291],[-47.31678196149313,-15.692253544524304],[-47.31356518374694,-15.705552562023952],[-47.3145124144882,-15.710792594347643],[-47.31900430260997,-15.718997994615851],[-47.318723144644146,-15.729627165218323],[-47.31575555389464,-15.736114404509548],[-47.31286826243686,-15.739323753785282],[-47.31412056789987,-15.74724221413747],[-47.31650040594159,-15.747834948999868],[-47.3215026849059,-15.755311582297916],[-47.32328380601622,-15.759300208510819],[-47.327057787005344,-15.766092570670086],[-47.328166055488914,-15.772235932936294],[-47.3320544476842,-15.78024298953468],[-47.338307525352214,-15.791771388548897],[-47.34333715547866,-15.796146521509556],[-47.34855527656627,-15.803802817693],[-47.351560428636986,-15.812716276674367],[-47.354081021462626,-15.819263153385476],[-47.35705973619681,-15.82275106433014],[-47.3600337694509,-15.82063024692506],[-47.36272941048553,-15.82751493438652],[-47.363671492035095,-15.8338504506138],[-47.366695944886914,-15.838740467235931],[-47.37020047003886,-15.848650952087551],[-47.368565041175295,-15.85639243755144],[-47.37219541566496,-15.870125673424559],[-47.374306961540405,-15.880037244074943],[-47.37739967189821,-15.887597279864366],[-47.37519319152168,-15.895467883542896],[-47.37233651233984,-15.899379366222545],[-47.36363988750932,-15.908999238355705],[-47.36611266245678,-15.914743202640175],[-47.36172307547677,-15.919785538159996],[-47.360972555668894,-15.930663531362834],[-47.36319725996908,-15.933471189018553],[-47.37151686657877,-15.937393575906176],[-47.36772583120747,-15.941760275282329],[-47.36897201649145,-15.95207677746572],[-47.371945007161116,-15.958890609162355],[-47.37573512892945,-15.964049466074092],[-47.37707881408221,-15.968876845711991],[-47.376085381791526,-15.974760733784134],[-47.37419527415886,-15.97988752835288],[-47.37581125343639,-15.986628237121872],[-47.36950519482275,-15.993950759235997],[-47.367590537493925,-16.002086734094096],[-47.36114554274379,-16.005570106899246],[-47.34981121146813,-16.006618945186748],[-47.34528283870206,-16.008959440864924],[-47.33777252559045,-16.01348966166823],[-47.33519493409913,-16.01686075560125],[-47.32767300659231,-16.0254606057348],[-47.324307542076454,-16.026716867366147],[-47.32108348345278,-16.030971075645354],[-47.31908893954201,-16.0366973248841],[-47.311114101574574,-16.04032080686421],[-47.30948716046462,-16.045233402299274],[-47.67390628729061,-16.050640393128308],[-47.981757694688646,-16.05143341029259],[-48.27873162639981,-16.049442083670424],[-48.27733754224089,-16.03859450098846],[-48.27159355345155,-16.028716903245343],[-48.27059256463105,-16.021230771146044],[-48.27284287408737,-16.009617812441],[-48.26728755448411,-15.99758348203026],[-48.260787974745284,-15.983354648646122],[-48.25951066087196,-15.971487142685326],[-48.25730435009642,-15.961615114265888],[-48.25250471007919,-15.954111891705065],[-48.25156460592211,-15.947448107661751],[-48.25270218664201,-15.942213441456179],[-48.256592287060045,-15.933318488266686],[-48.261153210861245,-15.928986730650436],[-48.26714760698911,-15.932455208641652],[-48.2766188214332,-15.927260594096671],[-48.273269108291466,-15.920994709564992],[-48.27059592318734,-15.911705252242488],[-48.277317007123955,-15.90632968400344],[-48.27569658188941,-15.898972781416546],[-48.275397829420086,-15.89258163196301],[-48.27214990799615,-15.88168171846197],[-48.275929985352185,-15.877830094218213],[-48.27787013818924,-15.871031533453055],[-48.279883622815795,-15.865118660832978],[-48.28175730375701,-15.85637619508946],[-48.28467405647489,-15.847679206444447],[-48.28503693021713,-15.841109871916528],[-48.28142541010854,-15.82443889646098],[-48.26914762594632,-15.808872393042577],[-48.2635702397725,-15.805342494491091],[-48.252563048228396,-15.801003769522326],[-48.24611352648364,-15.796964726949982],[-48.24139341762344,-15.79252937143953],[-48.23823453867863,-15.784734828655669],[-48.23250505870991,-15.777716516421606],[-48.220400097804074,-15.768084214131244],[-48.213506286843625,-15.759659246321517],[-48.206869964356486,-15.746166445548681],[-48.20554035584077,-15.726272878135998],[-48.213034899147345,-15.713479157922169],[-48.22820056579546,-15.709172749139091],[-48.23974004481451,-15.7074396748599],[-48.24115171829385,-15.693573026315041],[-48.24017189192189,-15.682699378769314],[-48.23651211662447,-15.649658444421485],[-48.20564960357227,-15.621504297550585],[-48.20050574857615,-15.500175479079346],[-47.61702088033619,-15.500495069684144],[-47.52418803722316,-15.50045453406075]]]]}},{"type":"Feature","properties":{"uf":"ES","nome":"Esp\u00edrito Santo"},"geometry":{"type":"MultiPolygon","coordinates":[[[[-40.518060065835485,-17.893977509681022],[-40.403251121803955,-17.923551092394554],[-40.32344828192647,-17.93896712848881],[-40.221977166150175,-17.98067949625056],[-39.86584705134063,-18.208341611206013],[-39.666034173997716,-18.333235233607287],[-39.72854824843508,-18.55940995340181],[-39.73708341857155,-18.96861913757515],[-39.771244920494325,-19.560269726286908],[-39.873799042148164,-19.668627116088537],[-40.063476386941474,-19.8529631662661],[-40.118355755093106,-19.931977836837543],[-40.147840903931595,-20.00682836802755],[-40.17137288286076,-20.11036206106196],[-40.23888053169234,-20.280669279144742],[-40.292051847373784,-20.285733428791556],[-40.29130234053602,-20.308494398534716],[-40.26914531326185,-20.32495776529609],[-40.3098705783032,-20.381450811883315],[-40.37667608001468,-20.536882491996472],[-40.43328783697702,-20.642725775446557],[-40.46617253617943,-20.636076567457152],[-40.47547182967311,-20.66152398530356],[-40.50488253314941,-20.66688705448007],[-40.54472101199797,-20.673555855280693],[-40.52758136646796,-20.679421874992812],[-40.496470500831045,-20.671904001951706],[-40.53398787116087,-20.735979561665236],[-40.57737055871762,-20.77874312904521],[-40.628163303503854,-20.84175255453105],[-40.671717422987776,-20.817953348287205],[-40.720411901062,-20.842151321499323],[-40.72442896043081,-20.843158297919867],[-40.765116045850135,-20.889587765907073],[-40.800729166265775,-21.003811669211704],[-40.90808604750291,-21.167748799358165],[-40.96547478907857,-21.29965078609766],[-40.99468979211889,-21.286304268866985],[-41.07056672355034,-21.22870583622692],[-41.119249036789014,-21.230369392637364],[-41.16404154986754,-21.24319677335159],[-41.183556681923584,-21.2444234401807],[-41.21224117740491,-21.23587851397782],[-41.246953341819776,-21.221167180394314],[-41.27708057655655,-21.240233371069188],[-41.32614359983274,-21.213071431849745],[-41.37713062264782,-21.201276463078052],[-41.40684972918967,-21.20274597526172],[-41.46692975464562,-21.204537743430304],[-41.51247350780172,-21.175681879945053],[-41.565725279226854,-21.182714084544262],[-41.613539158075724,-21.15553492377553],[-41.66267082238813,-21.12504895331174],[-41.69575407495788,-21.115386458421717],[-41.7226391644003,-21.103492994855035],[-41.72922266642302,-21.050336348710253],[-41.71552139273,-21.016639357664122],[-41.73755924806395,-20.930902098359667],[-41.72711853295954,-20.86483290267964],[-41.73929884830469,-20.827805348291214],[-41.77542931509142,-20.79989453255243],[-41.82558828944546,-20.788576761805064],[-41.8635157136443,-20.741927322280127],[-41.86105553379222,-20.70673247178041],[-41.82764654523314,-20.656394606392894],[-41.8174161407525,-20.624524266557657],[-41.84080008393897,-20.58648849872413],[-41.81220156248082,-20.519128481045012],[-41.80359980080873,-20.42951777885343],[-41.84440027694068,-20.34092153405386],[-41.81866175885054,-20.310573644024206],[-41.77587274042079,-20.263033918850052],[-41.75675519614503,-20.206858090943896],[-41.47256977700806,-20.207231826330307],[-41.3740963995328,-20.168151488306574],[-41.349075786715844,-20.113060416295806],[-41.3199503720142,-20.04433354544751],[-41.3116418432075,-19.971714987130397],[-41.228891153042944,-19.9057489599631],[-41.1863009102238,-19.827663812245326],[-41.190891767135945,-19.74687159833058],[-41.16847900065749,-19.672221994663914],[-41.108608033132256,-19.639466491959272],[-41.057457322286986,-19.5782630294956],[-41.028371107097286,-19.498649108021493],[-40.96331460315222,-19.48333303975872],[-40.96048315688531,-19.41931924135419],[-40.928532110713824,-19.329748872207926],[-40.9327846454629,-19.296057798684693],[-40.9310592702658,-19.2512276987001],[-40.922675588495416,-19.20409553034782],[-40.94291913994371,-19.15866819215539],[-40.96957565010546,-19.12289893286662],[-41.01261129319218,-19.075809791053363],[-41.06314625593593,-19.039312256543617],[-41.01803475062502,-18.973524324211496],[-41.0648684750666,-18.94505051816624],[-41.11276533887288,-18.922551704891134],[-41.149079082761375,-18.88581409625671],[-41.21233182796936,-18.86889772498188],[-41.237826715041,-18.83477661781795],[-41.11920962278813,-18.81014040220128],[-41.02543784675055,-18.83719589586709],[-40.93030985574902,-18.824523487947037],[-40.94001153798673,-18.77029852492003],[-41.020219052421865,-18.654966973205887],[-41.043983391646066,-18.626695558120293],[-41.025958228785214,-18.528185293842373],[-41.063829519913305,-18.45335834442191],[-41.14425992398489,-18.40525833044333],[-41.15466653931852,-18.334722600219223],[-41.10080743735726,-18.243761886422522],[-41.09411938062534,-18.20870439624158],[-41.03534079256122,-18.162815266002223],[-40.988399597776194,-18.169815064483103],[-40.95454423338578,-18.15451454942732],[-40.90929058011532,-18.114850802447958],[-40.87756264583504,-18.119449952587466],[-40.83251297657085,-18.151173425783597],[-40.89711301284939,-17.98175026362932],[-40.85294996811642,-17.97735316989676],[-40.79847709919003,-17.95696896786526],[-40.77177697491573,-18.003410104683834],[-40.70369259114426,-18.023748864757874],[-40.624300859393095,-17.975942145793013],[-40.58442252678029,-17.93578543228274],[-40.518060065835485,-17.893977509681022]]],[[[-40.39565364231173,-20.62215308828026],[-40.39648752993023,-20.622204917442264],[-40.3964863346654,-20.621835150822548],[-40.39568248361602,-20.62177060092588],[-40.39565364231173,-20.62215308828026]]],[[[-40.37974274191296,-20.614905753177148],[-40.38291383160013,-20.615566642847906],[-40.38274989471388,-20.613709260528715],[-40.380174808431896,-20.61330301989029],[-40.37974274191296,-20.614905753177148]]]]}},{"type":"Feature","properties":{"uf":"GO","nome":"Goi\u00e1s"},"geometry":{"type":"MultiPolygon","coordinates":[[[[-50.1581791644589,-12.412371596999753],[-50.248547662316014,-12.631072816560021],[-50.295461595527605,-12.75348927915951],[-50.23173602660098,-12.858453928092809],[-50.017908624379594,-12.929223460858825],[-49.283852216297916,-12.991663044444337],[-49.08304957074955,-12.84548409763141],[-48.86282043070842,-12.804987935367667],[-48.74884828679434,-12.91765783250459],[-48.636493805995755,-13.021264612509496],[-48.5804546799523,-13.191389303963934],[-48.48798623475703,-13.142786643481086],[-48.432506762033896,-13.275381560033155],[-48.30895223077635,-13.226928789325871],[-48.18372779066428,-13.155775045245425],[-48.113117449554885,-13.292039882912087],[-48.029062141568595,-13.271488086662075],[-47.87031207571089,-13.319862791365486],[-47.656782843371026,-13.276913176922264],[-47.617948036413516,-13.104719670432344],[-47.39237615093428,-13.262365142462452],[-47.2175296842947,-13.196548240348278],[-47.080204514494426,-13.166450146715466],[-46.92906542291784,-13.092899819979285],[-46.633834965286525,-12.970000706251433],[-46.371451645170076,-12.958452172903026],[-46.12220446280594,-12.957279348440455],[-46.293598510808884,-13.151375837577593],[-46.23758544049589,-13.33624427986286],[-46.22575258247798,-13.47694527269131],[-46.23788163778751,-13.716254866673166],[-46.23210747789391,-14.047837093423198],[-46.06100009754145,-14.232542899142354],[-45.92761194641846,-14.410332899481874],[-46.004246811590626,-14.515826326552425],[-46.007222302987586,-14.663455007728965],[-46.03817044144843,-14.822290774785182],[-46.20577767128862,-14.937180458258478],[-46.47653136791916,-14.70511350172271],[-46.532393594255964,-14.957975687166488],[-46.91802255435176,-15.049031252745882],[-46.86638995729051,-15.36517797872268],[-46.827381524595594,-15.747586784117502],[-47.14577113230173,-15.932296603041475],[-47.182860002819524,-15.97714716760598],[-47.29618616827648,-16.018510153949787],[-47.33777252559045,-16.01348966166823],[-47.376860812047624,-15.978405329249371],[-47.3617226091966,-15.919785227393705],[-47.36866780727768,-15.848943441065714],[-47.34855587915003,-15.803801222614599],[-47.31538083988762,-15.746520653159463],[-47.33150869827047,-15.681691071825988],[-47.3277884759779,-15.588435464034173],[-47.645490933754445,-15.50050021560017],[-48.218087270796254,-15.708041588255629],[-48.282560597439186,-15.829598441226127],[-48.274819054992776,-15.92153655392848],[-48.272816872971546,-16.00848392534135],[-47.59655615145754,-16.05067031213978],[-47.33893354700919,-16.114362106333413],[-47.32822590477201,-16.203638307353422],[-47.431804411043174,-16.440148887678006],[-47.409225137063174,-16.560871663642793],[-47.336924430314376,-16.59797895365304],[-47.25978036454896,-16.667797486411104],[-47.21882244369523,-16.77951981709601],[-47.202948787822905,-16.890399326948643],[-47.151089759366805,-16.997357430189275],[-47.18441569872685,-17.035966441988876],[-47.25519854899015,-17.092703723153335],[-47.35316861127453,-17.180236150181063],[-47.40677656525392,-17.24569244134321],[-47.456505042743274,-17.35082765905573],[-47.538789580459756,-17.38880412984922],[-47.38486883084601,-17.514348293033276],[-47.31781015553552,-17.726638734849143],[-47.36461653924082,-17.824495792438537],[-47.33688963586131,-17.93545227721117],[-47.34339008607599,-18.08081028302359],[-47.47142745064385,-18.18005091899495],[-47.58176218917474,-18.235105270037895],[-47.68606793337816,-18.362794552668056],[-47.83081310653304,-18.443487257151922],[-48.04800669041996,-18.416964775251508],[-48.40361852746897,-18.37118458721197],[-48.715912427759804,-18.34801350094769],[-49.1114361332092,-18.402006609498407],[-49.391520821427456,-18.646602831815347],[-49.7684864047604,-18.610981030602897],[-50.42502528895414,-18.83690304157288],[-50.745086117027604,-19.233228619252724],[-51.030676919936745,-19.40143036012535],[-51.28609032331561,-19.252641376884952],[-51.49387670377319,-19.16298875431519],[-51.76059572251113,-19.088620369200072],[-51.96965858838058,-18.977281011508897],[-52.14801288966706,-18.893917657012157],[-52.37937936335468,-18.787624723356753],[-52.87340807836902,-18.646190099997554],[-53.027638814355676,-18.3514700253945],[-53.177294875228064,-17.75586427135478],[-53.24106855011425,-17.552847505147504],[-53.20473943759286,-17.383807618932227],[-53.16510834860002,-17.220137341386884],[-53.06654165890233,-17.059215499863793],[-53.01184202923475,-16.88459151096663],[-52.894203618159274,-16.785137449589907],[-52.74103947872499,-16.60934373520842],[-52.62068299528226,-16.464856042786145],[-52.54763255839981,-16.262379518055877],[-52.265255087531656,-15.946977587983108],[-51.75363454220008,-15.610175693394346],[-51.58807748867519,-15.13821202108822],[-51.090582835868155,-14.848153046609653],[-50.93699544443255,-14.210395544150627],[-50.78130157519127,-13.619118911696765],[-50.57876362578329,-12.997868637481417],[-50.43679786495841,-12.678073475858525],[-50.33019960328275,-12.515029459776127],[-50.172373598481414,-12.408495205817742],[-50.1581791644589,-12.412371596999753]]]]}},{"type":"Feature","properties":{"uf":"MA","nome":"Maranh\u00e3o"},"geometry":{"type":"MultiPolygon","coordinates":[[[[-45.84144442092296,-1.0446260725691414],[-45.88793582060647,-1.1806988180684472],[-45.86497585870753,-1.2337298457332342],[-45.83201936763495,-1.2704844918111105],[-45.767937931589955,-1.1921939277443219],[-45.72128619958338,-1.199340634433926],[-45.709434702238916,-1.362530106473643],[-45.62127692902221,-1.3080390778100708],[-45.56397567288088,-1.2781334910700346],[-45.50948374249721,-1.304959482929372],[-45.44369066151633,-1.296228162168421],[-45.456918273589324,-1.5300891331990811],[-45.39687661663655,-1.4631266950564816],[-45.37315946337735,-1.3731913532054119],[-45.298601286039705,-1.4246521887085013],[-45.384183986071506,-1.5374426580138587],[-45.34132549843798,-1.6017439205211386],[-45.3528086408669,-1.7366267936245368],[-45.16165497958056,-1.4878077092336208],[-45.1050186547336,-1.4157706199907896],[-45.069124151544194,-1.4765089161343632],[-44.94576950876945,-1.476730757658684],[-44.825277315346625,-1.4135093529186757],[-44.89798990761787,-1.6137475989511219],[-44.77011698319429,-1.6112940257534398],[-44.66612108812714,-1.6617675009530444],[-44.79382719685077,-1.7194161884776724],[-44.79416573479525,-1.8044803612741938],[-44.654515539478325,-1.7521816287136815],[-44.62722886736869,-1.8221309960410599],[-44.56775022246182,-1.9116032813140513],[-44.4898442973525,-1.9820526646278906],[-44.40196041579158,-2.2282485756019206],[-44.26595873420712,-2.4849539992998744],[-44.029513001602766,-2.452500364395153],[-43.98054509899676,-2.573121773563209],[-43.18517297355075,-2.373536582662151],[-42.724783966780485,-2.578453292238654],[-42.213311078721844,-2.6912587140769055],[-41.842854846315916,-2.8235914569904756],[-41.98333086135801,-3.223584003134287],[-42.29252682505777,-3.4532871845328232],[-42.591193031822534,-3.576666810536641],[-42.82181368257526,-3.990576697346185],[-42.85237028330808,-4.477325408392597],[-42.84153821868861,-5.03081144454354],[-43.02439975592846,-5.560672284273715],[-43.050289645228176,-6.015490374840798],[-42.87723044705395,-6.4287918289045365],[-43.17845756371622,-6.766747585170262],[-43.707175497010915,-6.699841189969903],[-44.104405318090414,-6.856569892145988],[-44.514684172200944,-7.196379817815722],[-44.901395548714895,-7.426056287032696],[-45.382004437310876,-7.613140208743327],[-45.498880556487485,-7.798019219843286],[-45.567287360880606,-8.071685587084366],[-45.74599778907586,-8.493720270129833],[-45.960754389562155,-8.818900405123195],[-45.92831407823602,-9.134791924309544],[-45.793062886902625,-9.445915978296052],[-45.82699887413851,-9.74651447096754],[-45.897728896958,-10.136592539197673],[-46.34819288047684,-10.17311222422643],[-46.579645856206724,-9.796363754551685],[-46.59395833314278,-9.482707683280584],[-46.84223759609507,-9.304462762469024],[-46.9314626913329,-9.12080538057228],[-47.04840235832492,-9.071325388202313],[-47.02154287112602,-8.980495911109664],[-46.98605029245971,-8.888410174203882],[-46.924850319868916,-8.74423749180874],[-46.90723944263297,-8.619727313876265],[-46.89755000143374,-8.583458815645537],[-46.84601460039724,-8.533595100978363],[-46.79654663732045,-8.446645619399954],[-46.70679573562119,-8.351548764944637],[-46.48915495625217,-8.097740542893305],[-46.6854350268456,-7.912735398852581],[-46.809776950157364,-7.952297589559634],[-46.94563248317115,-8.005343144052832],[-47.10646447399024,-7.990812878898671],[-47.17452534391896,-7.857008939572147],[-47.24621573546148,-7.758532764630764],[-47.33770524428818,-7.667038222969806],[-47.42432802470629,-7.531118942042936],[-47.622972572512445,-7.296455948449905],[-47.507609743605315,-6.907204269629804],[-47.410984958058116,-6.35452287188691],[-47.477219149348855,-5.635054671197632],[-48.10713848611044,-5.2671774353651495],[-48.70444899062925,-5.344742915189367],[-47.742246512328855,-4.598633984044905],[-47.476429289394495,-4.3410328501940745],[-47.374361727164526,-4.217569558562238],[-47.331400619979654,-4.091439730155675],[-47.22248435945575,-4.000504759100045],[-47.17009576783213,-3.929201919090479],[-47.08434962037829,-3.8477630236761704],[-47.056128031066194,-3.774458448573596],[-47.056198831611816,-3.6544301042200913],[-47.03467720869269,-3.5851694308508524],[-46.98002622946253,-3.518933808772441],[-46.94808909861619,-3.437926392735127],[-46.92333545599041,-3.3746166500810113],[-46.86601307620473,-3.334289023039758],[-46.79654631505,-3.239570126237204],[-46.727789599603284,-3.1300167964681007],[-46.66764929621884,-3.031965358691863],[-46.6700626026444,-2.8956837884362177],[-46.615022806131506,-2.855393914481616],[-46.611419426276775,-2.7998585388015784],[-46.633771996382194,-2.67312280370963],[-46.473074147248724,-2.5448941329936994],[-46.43068710475693,-2.3029575615637294],[-46.26757038957194,-2.0806739024327663],[-46.29794070382802,-1.7946689618153786],[-46.15035360056864,-1.5943288816517416],[-46.12260829746819,-1.321503149264677],[-46.04605880230138,-1.121156629161838],[-45.97667714184951,-1.1050131628710154],[-45.942068798804925,-1.2295193766776038],[-45.84144442092296,-1.0446260725691414]]],[[[-45.6038823922018,-1.1270997902099633],[-45.60589500528705,-1.1422914419539099],[-45.602661182234954,-1.1645833535393766],[-45.605753230427425,-1.1756063730876092],[-45.61007317206518,-1.1786255443263154],[-45.611092423316464,-1.1728254442275015],[-45.612082716129905,-1.1778701584461495],[-45.61838255577423,-1.1822186504431333],[-45.63083957050317,-1.2102129819238092],[-45.632526036646425,-1.2339027027012288],[-45.62425737353921,-1.2340307070972587],[-45.62235015774906,-1.241034173184944],[-45.62577625894993,-1.250934687144265],[-45.62334130955031,-1.2528801899151267],[-45.6245454150764,-1.2593119149657548],[-45.63247002641731,-1.2695071919288046],[-45.63429592049668,-1.290712052255166],[-45.64143358891548,-1.310112983223299],[-45.63655220642836,-1.3337332632729686],[-45.63251664940202,-1.33297069079308],[-45.63285378343614,-1.348704590605555],[-45.641475490245966,-1.3560355637109756],[-45.69646606011981,-1.3621276851348179],[-45.69642894553699,-1.3575017422377949],[-45.67958076091657,-1.351986246341514],[-45.67313393594514,-1.3458192299973082],[-45.67521561607267,-1.3401000482678682],[-45.68741191731751,-1.3310428815078308],[-45.682583319449776,-1.3215946059303187],[-45.67562001955987,-1.3192858964373677],[-45.67301768170996,-1.3115044603985615],[-45.67710096641179,-1.2989307233790877],[-45.686153774627456,-1.290458915048917],[-45.6846176502184,-1.2698169130831083],[-45.65797189388238,-1.253682746690572],[-45.65475216544102,-1.2574316745026828],[-45.652432279150865,-1.26970294130981],[-45.65046610849984,-1.2728123524031112],[-45.644219090590845,-1.2723662947107353],[-45.642600400175716,-1.2772045892595472],[-45.64673977831461,-1.284992916057524],[-45.65995548017512,-1.2921703857674984],[-45.65793874602631,-1.3021089088580404],[-45.65188231305162,-1.3108259196941692],[-45.65789238690212,-1.292177961400608],[-45.64469713289812,-1.2864429983806454],[-45.64051600074812,-1.2801739078751568],[-45.63838803038672,-1.2744368124685463],[-45.6479439839437,-1.2624710210863779],[-45.63695600832548,-1.2483350417519086],[-45.63591779170161,-1.2405239300289421],[-45.63906015451869,-1.2031846290125336],[-45.636529961187065,-1.1782734471189467],[-45.63018196496884,-1.1607895866683346],[-45.631155748002016,-1.1470998563907635],[-45.62091530045129,-1.1320338940485124],[-45.61661510799416,-1.1366884506174935],[-45.615672049691675,-1.1337715898029528],[-45.61737755747622,-1.1290460445063453],[-45.629169354952,-1.1271847486259428],[-45.62229906810746,-1.116646464679326],[-45.61584915771095,-1.1158918039051187],[-45.6038823922018,-1.1270997902099633]]],[[[-44.95572857356,-1.2765157160563947],[-44.94353018443603,-1.2863512771235255],[-44.93071476008934,-1.2856853857800588],[-44.92139546245564,-1.2978789174136134],[-44.92313625831938,-1.3042859288752242],[-44.909181787701485,-1.3062497892362614],[-44.90810090758828,-1.3151327272131448],[-44.90148381644121,-1.31294227632312],[-44.912001495833685,-1.3232621317833948],[-44.91011162793354,-1.3294272176065256],[-44.88898267580221,-1.3362555837368144],[-44.91870226040581,-1.3506470182640535],[-44.92440321774352,-1.3481281847412918],[-44.922222097597846,-1.343379576564374],[-44.924682907145915,-1.3396054825988204],[-44.925149861721,-1.3505539279417293],[-44.911431750719494,-1.3511710642408508],[-44.89324643546337,-1.3420401955018018],[-44.88756405721719,-1.34608594882771],[-44.893868619143326,-1.3505958720896942],[-44.89766873850613,-1.348900735839153],[-44.91986387315959,-1.3735911694930336],[-44.92187124032613,-1.3679222440124488],[-44.924039453587056,-1.3748054516530583],[-44.93153696822742,-1.3798262498364786],[-44.94264017479994,-1.3792716197541541],[-44.94334591034988,-1.372081788216762],[-44.944073275031634,-1.3898876200384547],[-44.960048361483544,-1.4027298728973112],[-44.963682170085306,-1.402522293858728],[-44.96578800984577,-1.3963458459829876],[-44.96614381207206,-1.403116774993242],[-44.97045419146206,-1.4082692633363543],[-44.98319448333082,-1.4096545207263491],[-45.01237209880509,-1.387305041808033],[-45.02006304854894,-1.3578960646560945],[-45.01633543729026,-1.360639106764981],[-45.01803913354414,-1.3553220699605157],[-45.002681041004394,-1.3450408768416164],[-44.98262626765241,-1.3565500422809367],[-44.97223044498702,-1.3868424833324398],[-44.96535546387077,-1.387052245109348],[-44.9717601128939,-1.3850551661124397],[-44.979490180969286,-1.3592145641750732],[-44.97112564828697,-1.3446420289298842],[-44.9711415901276,-1.3327534275604498],[-44.96487637198928,-1.327225844436764],[-44.94054599064464,-1.3435489010788981],[-44.942065168269544,-1.3494313644538225],[-44.94998531920733,-1.354933919445153],[-44.94199204220246,-1.3497642359265987],[-44.94035024953287,-1.3430248020630104],[-44.961721727911225,-1.3247081120952169],[-44.95531498714226,-1.3205164635835291],[-44.95834412672034,-1.3095814690146823],[-44.95856708385734,-1.3207068445331784],[-44.971694833756004,-1.314572287865692],[-44.966468554962795,-1.3074257803101095],[-44.97480556977399,-1.3116072386341864],[-44.98568368975271,-1.3033005483569795],[-44.972670094749,-1.2838125401079554],[-44.95572857356,-1.2765157160563947]]]]}},{"type":"Feature","properties":{"uf":"MG","nome":"Minas Gerais"},"geometry":{"type":"MultiPolygon","coordinates":[[[[-44.20902785445264,-14.237260404000883],[-43.99763497559003,-14.265434969839937],[-43.846709066380114,-14.313130735059772],[-43.87461224824517,-14.636795876568346],[-43.673798038819214,-14.729576045471134],[-43.42815478655606,-14.726403007907248],[-43.02620936217797,-14.687392944456885],[-42.73593346273938,-14.877459770808661],[-42.35490241242834,-15.098240139983465],[-41.84203833363555,-15.114194818433058],[-40.94920920565948,-15.656284270278995],[-40.601039417523204,-15.74345116539665],[-40.26892508464376,-15.812782361453225],[-40.09377555045088,-15.898125575547494],[-40.00098562660334,-15.994716340403432],[-39.91265043560326,-16.21034538473625],[-40.15849675156888,-16.513789853608834],[-40.3455061379318,-16.787302040799513],[-40.492704348644054,-16.904142605378404],[-40.57225441040183,-17.2947957718492],[-40.41202834130719,-17.589089037128957],[-40.204531775434155,-17.80535401599239],[-40.61262259575212,-17.949530153148658],[-40.84390730370087,-18.146593109981186],[-41.102749793359884,-18.236985207202675],[-40.98887200897681,-18.673230624304612],[-41.149079082761375,-18.88581409625671],[-40.94808630937037,-19.14161373888529],[-40.9713485917259,-19.503820995696895],[-41.21136043503283,-19.901181453032603],[-41.764032399101445,-20.227821838885603],[-41.82120016919969,-20.637117120619568],[-41.998677817523564,-20.926456197449248],[-42.20295233013104,-21.221670437194756],[-42.32594967112096,-21.570003678491766],[-42.605239277743514,-21.855052288740918],[-43.21143173837995,-22.03010295126252],[-43.62831948389432,-22.07652241204943],[-44.03827095659414,-22.154333137953984],[-44.323919050517574,-22.254960535135517],[-44.66068708196096,-22.380492819202274],[-44.96295159146336,-22.471001122984617],[-45.187277436909746,-22.55266959472404],[-45.41307941969967,-22.628471220825883],[-45.580391325807014,-22.65287758927758],[-45.6655583090527,-22.603060020057054],[-45.73221131136878,-22.6568036045191],[-45.71219187504604,-22.769810346301167],[-45.823347283030124,-22.829853330974313],[-45.92472659146329,-22.831819651465022],[-46.13811473951202,-22.888216686992205],[-46.350758693722874,-22.89938550927254],[-46.36877768524581,-22.75161594439599],[-46.42950056180703,-22.66231299000265],[-46.42770333387517,-22.546651485079146],[-46.616278934309236,-22.438605646802255],[-46.713327004669665,-22.31417319070067],[-46.61301690454731,-22.150225761186825],[-46.71461732103124,-22.091522914608916],[-46.64510172051193,-21.972503153395873],[-46.646013494170646,-21.77602860344516],[-46.540891155895665,-21.62950857333776],[-46.509227159181705,-21.46987907112762],[-46.653204593412866,-21.36396369705332],[-46.859443396387626,-21.394284643502615],[-47.01120827876411,-21.422253663998003],[-47.039504477223524,-21.280926226278698],[-47.12620263907523,-21.12532999533171],[-47.214150967940874,-20.823677534450532],[-47.1152704780113,-20.70718975180594],[-47.17471644831477,-20.515633673828795],[-47.28921530859209,-20.421245561087378],[-47.28573783242217,-20.316634653538888],[-47.34109022557467,-20.111239215673137],[-47.608788077280416,-20.037812715327487],[-47.89379936898835,-20.123586407171988],[-48.24142826862769,-20.029832593815808],[-48.60224188698131,-20.14097500093319],[-48.87900023943992,-20.430051685836354],[-49.300220185120196,-20.159369579795822],[-49.55498132459199,-19.90828920107501],[-50.160473273001585,-19.878367976002632],[-50.636119917843025,-19.875039082260816],[-50.99945927972038,-19.911708363469064],[-50.875870220616676,-19.4199110758446],[-50.32372402292339,-18.712197041061383],[-49.54793584424434,-18.507795040986007],[-49.07699839983823,-18.416776119106807],[-48.547204890317424,-18.35176412410773],[-48.02842473503477,-18.43568903178283],[-47.74945201082882,-18.412549750947917],[-47.58176218152052,-18.23510496415271],[-47.396504194376135,-18.137376747953102],[-47.313810880446745,-17.963225242786486],[-47.34909129024831,-17.786435110267586],[-47.28382708453117,-17.57758205073613],[-47.51853124694205,-17.37535289190558],[-47.41781197345188,-17.270466933992278],[-47.332255488370684,-17.1540377869794],[-47.19100329324237,-17.06963102537226],[-47.14411542526111,-16.97107727199041],[-47.22032850272284,-16.807859935737294],[-47.262054961802974,-16.655670876271866],[-47.386862106063326,-16.588868791309157],[-47.42714001447737,-16.394168628548588],[-47.348589953750846,-16.155112080695385],[-47.31136043831852,-16.04132512595974],[-47.18690041735693,-15.97131617277355],[-46.929329291023244,-15.91124417751682],[-46.86638994909278,-15.365177673240282],[-46.5512881905933,-15.063890212123525],[-46.50341494424811,-14.70409142379035],[-46.098187268911936,-14.938999682673966],[-46.119216135330106,-15.192243439411643],[-45.82666188136533,-15.116971526575039],[-45.6171967682361,-15.014300602087665],[-45.35284722921094,-14.864127322984915],[-45.13626662897204,-14.747439748462131],[-44.86196248620698,-14.579229388435925],[-44.760261734145814,-14.475258997494931],[-44.61657617113467,-14.375164534900689],[-44.352875965552705,-14.266212268583988],[-44.20902785445264,-14.237260404000883]]]]}},{"type":"Feature","properties":{"uf":"MS","nome":"Mato Grosso do Sul"},"geometry":{"type":"MultiPolygon","coordinates":[[[[-56.10203736268223,-17.174090702905442],[-56.00370612729595,-17.233741724193653],[-55.88648397352436,-17.263910372713358],[-55.806454212022096,-17.29802090104671],[-55.68059519797917,-17.338994756263638],[-55.58285367557046,-17.379080573371898],[-55.53320608684745,-17.466500151635756],[-55.43267143112128,-17.511748221412354],[-55.31586674969069,-17.54600108577285],[-55.24248077633641,-17.602131824446428],[-55.16675839100575,-17.6342151523423],[-55.07714199088264,-17.630522687828133],[-54.989113315617935,-17.63301775167534],[-54.800701379816275,-17.582602701490796],[-54.6693929285102,-17.504239651599274],[-54.48125639029669,-17.48766963733172],[-54.384551993765996,-17.60136843865038],[-54.273691432428244,-17.651503370190945],[-54.09680254785071,-17.613591377117924],[-54.02859431651897,-17.47957029981067],[-53.80658443527807,-17.287963802429438],[-53.78543751417524,-17.676371481244644],[-53.954972567044344,-17.87124619217334],[-53.873271152458884,-17.922476888760762],[-53.80546619966313,-17.967564187829705],[-53.67488657503197,-17.991550165097127],[-53.513493749813826,-18.026945174962854],[-53.42552297829384,-17.989289563904297],[-53.15045142730155,-18.039928152307862],[-52.95412547860122,-18.296577087420477],[-52.945237689549415,-18.519745152114748],[-52.747433626504396,-18.692022099630325],[-52.43398530202269,-18.719978676010925],[-52.32129409782522,-18.8310140258142],[-52.159431233250096,-18.876493888555213],[-52.06684662716421,-18.95333459069996],[-51.96965858838058,-18.977281011508897],[-51.87201780883174,-19.029990701581795],[-51.7427479909947,-19.09848296635917],[-51.59245552877844,-19.12740878341689],[-51.44276422189874,-19.168604463260067],[-51.33561830906935,-19.222254785835577],[-51.20081553656632,-19.26490930202773],[-51.02375624066567,-19.381444423202687],[-50.963227291114634,-19.483629290891844],[-51.03845111864454,-19.71952382446002],[-51.020867228460695,-19.95907690788256],[-51.05892575484284,-20.23426882519971],[-51.361180774016844,-20.384528427682515],[-51.5001787469143,-20.568203744040666],[-51.6329339714888,-20.821544581813757],[-51.71700540452714,-20.97360531530821],[-51.87588676510476,-21.136392962404457],[-51.9055396843933,-21.38398621417013],[-52.05702434577676,-21.503593418963295],[-52.05289137080274,-21.670063491225548],[-52.16215188333658,-21.772977409796212],[-52.30144308951615,-21.94215039612391],[-52.40863827249156,-22.14206325628529],[-52.61304244464577,-22.276140657541344],[-52.95509374441448,-22.47551878469302],[-53.10557863184187,-22.622489094980907],[-53.36379740504846,-22.783609310121363],[-53.58926921601053,-22.936216152489713],[-53.64267165250406,-23.13206951773566],[-53.76308424344364,-23.36058948962541],[-54.00430308315805,-23.511056736180926],[-54.05347783523713,-23.72654354319145],[-54.1179657175053,-23.9717065165873],[-54.35645748813558,-24.006174497349527],[-54.56667364628988,-23.855573524780286],[-54.764373867471534,-23.864967159699212],[-54.9301825503269,-23.94136523655294],[-55.098487600545226,-23.96890002041365],[-55.248629519860195,-24.000432121649467],[-55.413131198444106,-23.966436692303105],[-55.434858175640684,-23.71779223204307],[-55.52893779055518,-23.57207702152759],[-55.53635466282545,-23.331889812567656],[-55.57454676547201,-23.143663440734237],[-55.64726484309289,-22.951101969001193],[-55.619350228917135,-22.765354283527373],[-55.74834817378255,-22.500616044307467],[-55.82410325273037,-22.34163093529633],[-56.07073863847862,-22.28619562862515],[-56.200828669429555,-22.277527803177776],[-56.3484650625284,-22.178507856754283],[-56.405050052383416,-22.077491241847454],[-56.524494035436824,-22.12203564547638],[-56.59010363391393,-22.21368383969009],[-56.69855228520013,-22.22041417796017],[-56.78785791665832,-22.249409928986918],[-56.90055991495973,-22.265568188705434],[-57.03252879213824,-22.234209827493277],[-57.170280922785196,-22.233400992445073],[-57.27877606702836,-22.226599039905967],[-57.37603036907606,-22.231954915964742],[-57.48843069084867,-22.18995653878846],[-57.612894258147506,-22.106694179005068],[-57.761622779016115,-22.135628584254064],[-57.96067208500701,-22.080208023468476],[-57.912813066023816,-21.879611051054766],[-57.941870411162284,-21.624585362103247],[-57.91138359099891,-21.29506469532384],[-57.872666091420996,-20.939363921248454],[-57.87544586621331,-20.750497688373976],[-58.018883848300845,-20.513911505926174],[-58.149299843148555,-20.21171706571046],[-57.9725519834285,-20.048127255624866],[-57.69695595874497,-18.99740988616493],[-57.60005989972639,-18.046387173493144],[-57.7872286355277,-17.59285057436568],[-57.69286476574171,-17.626803036617154],[-57.64591833657128,-17.724382095469235],[-57.47753323899179,-17.859072693596843],[-57.34130576897577,-17.83065308218353],[-57.22708460850259,-17.782802695839894],[-57.00955131273813,-17.67048158339496],[-56.87591405197633,-17.532988438270642],[-56.84196430290584,-17.418205490420515],[-56.6918785603443,-17.318125557410152],[-56.5958384535782,-17.33255925047706],[-56.471128282411755,-17.303396081983845],[-56.3358197303763,-17.289962019682676],[-56.25129076583649,-17.219036203908615],[-56.12534323808169,-17.174333672446267],[-56.10203736268223,-17.174090702905442]]]]}},{"type":"Feature","properties":{"uf":"MT","nome":"Mato Grosso"},"geometry":{"type":"MultiPolygon","coordinates":[[[[-57.593542445152686,-8.707427718782949],[-57.384311497353224,-8.879565498800927],[-57.062876730989835,-9.077404519733992],[-56.87947753100042,-9.239709340861973],[-56.273731340315194,-9.40072825864372],[-53.45156101147322,-9.621434253934602],[-50.2247657124554,-9.841158794827294],[-50.41824247753501,-10.356285895528003],[-50.576874453971925,-10.719374792457813],[-50.65860695409066,-11.128819050834736],[-50.65813752956473,-11.6165845737165],[-50.68655093039844,-12.04513621654069],[-50.642216059455556,-12.452506422455901],[-50.645074547860126,-12.702242156566022],[-50.531938751064196,-12.8436247363296],[-50.59024092662828,-13.10963494412556],[-50.80188977078638,-13.684818486834443],[-50.90474558119193,-14.113163636214635],[-50.99456267230514,-14.620083036254332],[-51.1459156786381,-14.977456537501897],[-51.607113939932205,-15.163505098951],[-51.727665263771996,-15.550790797440673],[-52.01126092672597,-15.886228905483117],[-52.36753025820111,-16.084468123595073],[-52.56228507922331,-16.26505149554703],[-52.64339716316539,-16.412739211871315],[-52.67026055091719,-16.559192099060358],[-52.75476268769919,-16.662659223265518],[-52.8923454426532,-16.793376146891884],[-52.99823250246934,-16.8655151004603],[-53.05688139489159,-17.003622578671038],[-53.081517649677785,-17.0799385077063],[-53.17529290100534,-17.240856706345554],[-53.19557582196378,-17.361553282271224],[-53.22673942576815,-17.466902799749313],[-53.24646153494093,-17.61095529698703],[-53.16857160017975,-17.766262259358815],[-53.21754452721258,-18.013569201931666],[-53.4677991915897,-18.03489365247917],[-53.67769591834628,-17.98979486426968],[-53.83077188416972,-17.94284014039634],[-53.944611533860936,-17.90734058899394],[-53.75691453196707,-17.6734623209256],[-53.914548155242365,-17.414417470740332],[-54.072608265956404,-17.596769672193755],[-54.29192006495551,-17.653005135748884],[-54.41394495125957,-17.544556216908845],[-54.63602787747516,-17.495729805021217],[-54.82495143358151,-17.609681989817627],[-55.03342092014622,-17.638038762836686],[-55.1705611152529,-17.64084152438253],[-55.25803342910216,-17.57439154671107],[-55.38228183242754,-17.52548450292084],[-55.527067346772085,-17.472111578694935],[-55.613731842749985,-17.3681165346362],[-55.768710916504595,-17.325799138045245],[-55.88648397352436,-17.263910372713358],[-56.0209007139034,-17.21601266036986],[-56.18909547606217,-17.210381092018103],[-56.32320932726047,-17.285728919628365],[-56.50801799393189,-17.295298765472573],[-56.656657392179184,-17.32145673043913],[-56.831300727835085,-17.409752966549032],[-56.96674660012965,-17.571420904249006],[-57.11355619935812,-17.77174108766054],[-57.34130576897577,-17.83065308218353],[-57.576278818985145,-17.800548451991016],[-57.67933467724822,-17.65772169768622],[-58.04947763960824,-17.463053469092696],[-58.27650554537811,-17.323762703799265],[-58.424927675032286,-17.090260657656504],[-58.466869128495226,-16.911088167079786],[-58.35769779245526,-16.52939008556966],[-59.47003889354197,-16.279575103246895],[-60.362426948134356,-14.4864516853998],[-60.4055959278998,-14.36488783881174],[-60.46750925775248,-14.20436088500645],[-60.38227674130725,-13.99245399734736],[-60.456117642094114,-13.858618776294183],[-60.53186736316042,-13.771587134566174],[-60.68397784258915,-13.71605912798513],[-60.68631252820898,-13.639195093254735],[-60.600247056800946,-13.572751258038254],[-60.465524277416606,-13.489146438396807],[-60.37020074736268,-13.357232919453072],[-60.328392285868205,-13.230315836652384],[-60.253308048065286,-13.056385219235802],[-60.10507988251923,-12.919492302445141],[-59.973343102377484,-12.530390725251147],[-59.832485971617224,-12.4014227453936],[-59.94679201839934,-12.066008456592515],[-59.98573203169665,-11.912103048126118],[-60.083258287764245,-11.858510828594547],[-60.10459784235431,-11.80288089100977],[-60.12159761701385,-11.712125675476555],[-60.099209263953675,-11.570848719768005],[-60.01786048531219,-11.495934050814189],[-59.91713590302263,-11.33861492741742],[-59.9890413216617,-11.138060184532735],[-60.084179921258055,-11.096864891767325],[-60.21048296035746,-11.10682828114236],[-60.34190049128211,-11.082655143624965],[-60.437872065214464,-11.016706797847705],[-61.48375046833842,-10.986912770847425],[-61.52372107628574,-10.88165532848727],[-61.47233129959965,-10.714995735262413],[-61.46427062907763,-10.416646588052616],[-61.56207118911163,-10.272056100904187],[-61.55579529302577,-10.038972504811015],[-61.532544444866964,-9.758002772284033],[-61.4874024413307,-9.626563722890912],[-61.576896578045,-9.474495223507033],[-61.61612919071175,-9.326843798602653],[-61.524783484223164,-9.242872553787521],[-61.51142127037329,-8.863656472705285],[-60.07241345784361,-8.800200405397467],[-58.383598859044156,-8.705934079493334],[-58.314817349899485,-8.323069518965495],[-58.37814280625644,-7.827446830393434],[-58.13697695162224,-7.356133606634808],[-57.80392291234901,-8.00343381440136],[-57.65351619978452,-8.468320514683628],[-57.620487033020005,-8.647752909533386],[-57.593542445152686,-8.707427718782949]]]]}},{"type":"Feature","properties":{"uf":"PA","nome":"Par\u00e1"},"geometry":{"type":"MultiPolygon","coordinates":[[[[-54.95423915994347,2.5835953274130996],[-54.80915643098543,2.122671961244693],[-54.7339620930519,1.8318892825093125],[-54.46474636882195,1.7591059908920406],[-54.26359979180086,1.680077144883454],[-54.084533574441345,1.5262485981040144],[-53.922444187176865,1.442178640141774],[-53.71596945494635,1.4178557244749426],[-53.54008395521709,1.3169194709728453],[-53.4222795163448,1.0336622247575848],[-53.14727527357004,0.6002656234544179],[-52.985197870818645,0.03557909522397376],[-52.66980717841336,-0.5382513296757692],[-52.41981149766173,-0.854747647768386],[-52.10983508128556,-1.2181610686484157],[-51.685613593506325,-1.012907309760919],[-51.000444598550835,-0.00039516518827389566],[-50.03552970928897,0.5088122677133619],[-49.730030406113066,0.34884473779785663],[-49.37878142510148,0.012370318435480787],[-48.637806292882225,-0.23198114350454388],[-47.994248432253094,-0.7025669492815314],[-47.845084459903035,-0.5973723361535727],[-47.802307349408075,-0.5865890745500179],[-47.679560351830375,-0.5922560197517068],[-47.47041931507341,-0.5939004237171122],[-47.28977959824971,-0.6287407907832092],[-47.19525584129706,-0.6932333820031495],[-47.14447050741132,-0.7060547533333509],[-47.06308264539073,-0.766105347474555],[-46.95475040085703,-0.7409643174697558],[-46.93544323318709,-0.876598277846318],[-46.85180025281814,-0.7436358562916998],[-46.81672566112407,-0.8287973155824011],[-46.763888294458994,-0.8487905594476677],[-46.678411989751616,-0.8058671934033226],[-46.63469104145136,-0.9286078490955578],[-46.55102680664505,-0.9039606739609204],[-46.450157787683,-0.8702204648372716],[-46.47761045052027,-0.9979302909160248],[-46.40788500088591,-1.0267804135688114],[-46.313055551549674,-1.0701874840175647],[-46.258050966684515,-0.933335773654522],[-46.22166271653664,-0.9897370254861293],[-46.1562173610666,-1.0242751845162248],[-46.09266200139466,-1.0271651590913453],[-46.123430892490624,-1.3193190524054699],[-46.13128356166379,-1.578567442092877],[-46.319266975830956,-1.790722632256963],[-46.2495358942737,-2.0397617328217774],[-46.428211282380516,-2.2397484123791815],[-46.43673391053262,-2.459140018726654],[-46.574775531439485,-2.6287778859531006],[-46.65296978867196,-2.736260763042612],[-46.58105935917319,-2.8304493175374],[-46.63516744361221,-2.8679112392705512],[-46.65571765987945,-2.955842576719391],[-46.68123771548105,-3.095444191486224],[-46.74404847306621,-3.1795896909758894],[-46.814672422172826,-3.267596940601901],[-46.87579532581127,-3.3465867633334097],[-46.9276629665659,-3.3771118330414924],[-46.94201612659545,-3.4469612281903412],[-46.97025693138,-3.5149372936769616],[-47.02876147771624,-3.5784781567312063],[-47.053505225829284,-3.6488411532393195],[-47.06526890930212,-3.759378733109202],[-47.081638596448,-3.8338272527911523],[-47.132433117659644,-3.899588015367696],[-47.18754380764314,-3.9795834769646916],[-47.29310484913764,-4.052285746140311],[-47.365821985662635,-4.180654845241371],[-47.41718757300807,-4.278006321603454],[-47.51877072213923,-4.4274293830915035],[-48.194617386468984,-4.911030960367268],[-48.46457332113016,-5.412305840841702],[-48.27955573184477,-5.729381945353019],[-48.41710379261039,-6.298599593628556],[-48.839855470449514,-6.750653948496095],[-49.20675946553252,-7.2707398985331215],[-49.17560136967883,-8.009247837735467],[-49.543411780526135,-8.761403018184302],[-50.0535281586869,-9.373455017284083],[-50.842849927568366,-9.800827207874452],[-54.29455122169366,-9.55862239542014],[-56.77545283863121,-9.329534467045237],[-57.06037178830732,-9.137137974448294],[-57.38431157013556,-8.879565490581111],[-57.6204871056164,-8.647752899824178],[-57.66795109105272,-8.366883637412643],[-57.91611661955414,-7.657353528783351],[-58.386478034508876,-6.965326572890379],[-56.95600598728828,-3.6586500399905155],[-56.26342509951153,-2.221092624187711],[-56.45346064721535,-2.154068715298546],[-56.74780572244845,-2.0115383989352806],[-57.171736069068025,-1.7498029645606004],[-57.40410042747147,-1.6839935438573344],[-57.70676686723496,-1.5759889394145175],[-57.96026207299892,-1.4016079413651876],[-58.16255262337506,-1.229690505636166],[-58.448455705819484,-0.9070098661691434],[-58.70384303182357,-0.671420976355775],[-58.86544052196195,-0.2741277561328891],[-58.803446178241735,1.175986857851986],[-58.538168747307,1.2676666850505933],[-58.47276743398938,1.4610713885468096],[-58.254475476378076,1.5618717053665159],[-57.98881215727082,1.5624635706407024],[-57.84417241462478,1.6888995262715016],[-57.6504217439152,1.682369048968948],[-57.47620856970744,1.7989406463575517],[-57.26781381615513,1.9798319829903401],[-57.01420772242343,1.9148927078917364],[-56.7880369587216,1.8543519132778432],[-56.454156648335356,1.9523438961133146],[-56.17089921552013,1.9004807845467107],[-55.901934845943394,1.9077468589574702],[-55.98902297239802,2.1433753857755096],[-56.09193073467856,2.329853761324319],[-55.989426354499535,2.4362303094264033],[-55.783877213954,2.4565182487554273],[-55.27729136875756,2.5123529662433075],[-54.95423915994347,2.5835953274130996]]],[[[-46.060943940884144,-1.0947169735174958],[-46.066658314743506,-1.1052040187457404],[-46.069500455782716,-1.0973371738030344],[-46.08499347618268,-1.0820873020425656],[-46.08869069268488,-1.0734338598136168],[-46.09074180596719,-1.0689423280069088],[-46.08832740710167,-1.0613050149506797],[-46.08216201830542,-1.0581621821859173],[-46.07252075106945,-1.0615862447740556],[-46.075490175870456,-1.0672021103070861],[-46.071109767907714,-1.069428413888353],[-46.060943940884144,-1.0947169735174958]]],[[[-46.39630689338766,-0.9433271218734679],[-46.40497252398704,-0.9575815269760585],[-46.407608431263924,-0.9560105013941201],[-46.412220179939524,-0.9709565664931445],[-46.43746642429928,-0.9865872068861171],[-46.436415849546094,-0.9787574098654603],[-46.43369284223135,-0.967023232544972],[-46.41444195492855,-0.9449533639877205],[-46.416409337043646,-0.932586409856256],[-46.40841053730018,-0.9300842405656594],[-46.40247367892901,-0.9330046352372606],[-46.39630689338766,-0.9433271218734679]]]]}},{"type":"Feature","properties":{"uf":"PB","nome":"Para\u00edba"},"geometry":{"type":"MultiPolygon","coordinates":[[[[-37.23189467119971,-6.0276434551601445],[-37.156957731544146,-6.152535920300087],[-37.306491545488726,-6.27811126943586],[-37.396156565971054,-6.4011890853529305],[-37.444927706147936,-6.533114701616171],[-37.46622279203907,-6.660002475375149],[-37.283748999901356,-6.693957946408179],[-37.2346324393416,-6.824678329347914],[-37.003626130461434,-6.709655787509997],[-36.874369391438094,-6.743226919506499],[-36.75583874773964,-6.954308771801334],[-36.609831492321234,-6.936879543316898],[-36.504791974424315,-6.7539822056957775],[-36.52194986160732,-6.597133004785115],[-36.44921294467924,-6.5539600502959345],[-36.50753139510455,-6.400163842362797],[-36.295021476026456,-6.292155522783582],[-36.25120473566265,-6.404471065381026],[-36.09614755800613,-6.420246363298206],[-36.01225295216767,-6.473980046402012],[-35.77997240836235,-6.483323355623486],[-35.66520523729332,-6.45056274125549],[-35.56484429801014,-6.491827329364087],[-35.49584313654508,-6.483307564605131],[-35.40079978330538,-6.491650898170757],[-35.22351312563564,-6.5162796718971325],[-35.103735582270104,-6.505892809972069],[-34.97163036706335,-6.485287365995728],[-34.934756235814,-6.7317907129854255],[-34.902768703130704,-6.855065520565281],[-34.863060731815125,-6.976200134263392],[-34.825842642977314,-7.007044609679226],[-34.79370821037746,-7.15453889059664],[-34.793986770500055,-7.32959441899682],[-34.832312910025486,-7.549170313350538],[-34.91053682199134,-7.538174966307918],[-34.985183596120635,-7.50004898084258],[-35.09783623119191,-7.408366270576788],[-35.200150565642815,-7.387644646633753],[-35.33356108069985,-7.422795712467924],[-35.38267814095117,-7.449168684814317],[-35.506312829327854,-7.497386084498441],[-35.537323209276906,-7.580761597062492],[-35.52699472960765,-7.645161935170051],[-35.619550713308776,-7.664119294700909],[-35.6752306651438,-7.700224803350832],[-35.70012260772938,-7.691898059997999],[-35.74314292432819,-7.713804359454412],[-35.77474428618703,-7.733364955254777],[-35.806138161184776,-7.746721447157448],[-35.82983808366223,-7.75178022092307],[-35.872157111264976,-7.7495755845974434],[-35.89353643110641,-7.783709548856151],[-35.99826090963325,-7.813792449348521],[-36.18231202503324,-7.783873839197972],[-36.27114856226777,-7.830602460412149],[-36.440419078404325,-7.87828699667388],[-36.51289133683486,-7.914907484462226],[-36.58689548620584,-7.958691766477431],[-36.65786559775892,-8.07616785549257],[-36.68708534209901,-8.155713246963828],[-36.77540828628606,-8.19075603888662],[-36.9477599412602,-8.27915473413213],[-37.066564375286305,-8.233034263424944],[-37.16025760202409,-8.170435826831179],[-37.15812466639498,-8.051260149157466],[-37.19270761660864,-7.9606343645529405],[-37.277434252700154,-7.972015030573616],[-37.317655421690716,-7.942806292552561],[-37.28742596697342,-7.903912921600925],[-37.23020890593415,-7.813145874086991],[-37.15984538733418,-7.793253166840899],[-37.195163239470155,-7.652100262795269],[-37.08622877428639,-7.517831987677495],[-36.98545643204123,-7.4756404651413195],[-37.02601110634185,-7.4225015905197305],[-37.101896492521824,-7.356670149749291],[-37.176958073651086,-7.309591837730038],[-37.34607053491621,-7.309005326297069],[-37.48592505088459,-7.362106479416485],[-37.52862097645708,-7.460106376090761],[-37.649857344600086,-7.530348638238021],[-37.74148212889541,-7.597570472981428],[-37.76811449678679,-7.648711241856806],[-37.897382733030724,-7.6908637846145105],[-37.92237971875388,-7.723674781526645],[-38.00548177837357,-7.77779905612935],[-38.077097211686954,-7.830616503109664],[-38.16270038390606,-7.779990425139474],[-38.302601320543786,-7.7884357211842765],[-38.32080045793576,-7.697995241897124],[-38.40122897431498,-7.7205553512747604],[-38.516630918281564,-7.749366211052912],[-38.60799445629492,-7.725984807201888],[-38.67280906139973,-7.65883255782911],[-38.70263939436619,-7.581058499174941],[-38.64650122249159,-7.51757802200715],[-38.59504437429366,-7.433974880836536],[-38.55038139220021,-7.3155020763457275],[-38.60067034077485,-7.234804661593963],[-38.6830411793565,-7.176018627733876],[-38.666713454575984,-7.081720500977715],[-38.7587109239631,-6.998499503125259],[-38.76243457650035,-6.9265828506645395],[-38.70043538326129,-6.876641194243732],[-38.65564551577433,-6.814205117864535],[-38.652705891990195,-6.75980360552799],[-38.6623860602355,-6.674357631125023],[-38.63310694104436,-6.569250651897366],[-38.565681840310255,-6.451544446437149],[-38.57775091989472,-6.402924676125047],[-38.56737927069412,-6.361566943280665],[-38.48125539167407,-6.337414484457033],[-38.44163764394957,-6.40474374213334],[-38.37368995036339,-6.455822615293382],[-38.31252173021958,-6.4881751549284905],[-38.22904951796549,-6.483388478248852],[-38.09542599090514,-6.493628512343231],[-38.03628499674394,-6.460034402906746],[-37.98028812435013,-6.42712785787735],[-37.8862791186014,-6.397044148124953],[-37.82270316205846,-6.317823359553222],[-37.760546797375596,-6.25413553786908],[-37.69821362087509,-6.186648768478396],[-37.560684506389606,-6.164578128372986],[-37.445725752701854,-6.112249365675974],[-37.300628060772986,-6.05030801031659],[-37.23189467119971,-6.0276434551601445]]],[[[-34.86404021763348,-6.980854667710376],[-34.85832327139381,-6.984356356776372],[-34.84776669267765,-6.982089392313028],[-34.849682505799144,-7.0000077104505145],[-34.85920965585374,-7.0156637329496165],[-34.865649900544454,-7.00474828444152],[-34.86753713236004,-6.987730235352698],[-34.86404021763348,-6.980854667710376]]]]}},{"type":"Feature","properties":{"uf":"PE","nome":"Pernambuco"},"geometry":{"type":"MultiPolygon","coordinates":[[[[-40.19570443457279,-7.358183643716904],[-39.78924825656197,-7.332030876735584],[-39.55747705880679,-7.472580990694022],[-39.44724177447852,-7.572328189570333],[-39.31141186313501,-7.65527296795765],[-39.1902477418233,-7.698957722832235],[-39.0957914654027,-7.846472569843148],[-38.9649650912664,-7.82986508162029],[-38.900378168989846,-7.744912233447776],[-38.82426649592706,-7.678381139415526],[-38.72375213425318,-7.626921002233645],[-38.62646367635698,-7.69476263389552],[-38.496602096787186,-7.7500688349655125],[-38.36164372404638,-7.686340861086707],[-38.3012789786426,-7.768740853465365],[-38.143791117303984,-7.783442313145997],[-38.06950686100802,-7.7723613764429835],[-37.94313021671683,-7.7410731103024775],[-37.857187458235,-7.652006291314354],[-37.75800777126984,-7.634157418077689],[-37.649857344600086,-7.530348638238021],[-37.51367000036747,-7.424765673928348],[-37.385744739596745,-7.3567327296548894],[-37.16856315871326,-7.319990831205303],[-37.06946459145404,-7.382422888198381],[-36.99409594489467,-7.464749317907915],[-37.12155643442835,-7.536157001160539],[-37.15063066859536,-7.72906942009854],[-37.23059356347889,-7.806777798002583],[-37.31879883300838,-7.908992994749464],[-37.33981503053221,-7.9798398132461905],[-37.19270761660864,-7.9606343645529405],[-37.14785020979046,-8.10012802519496],[-37.089925368803904,-8.231200983043477],[-36.94498026687337,-8.275288043948368],[-36.724006619876654,-8.17250353547761],[-36.64866875399584,-8.082766203609479],[-36.57324287622441,-7.955987697706267],[-36.4437318236863,-7.91436667731398],[-36.294398454449016,-7.811934549664358],[-36.117315455308805,-7.7858217649161885],[-35.91482769235246,-7.790119296175795],[-35.883110581881,-7.764160477534836],[-35.86232417184592,-7.751070833286564],[-35.828536940185366,-7.7516855213866975],[-35.806134629973045,-7.746721469662501],[-35.775365048813924,-7.734196498147042],[-35.74314439856392,-7.713805938429293],[-35.70822913543295,-7.697387519214068],[-35.68445247755684,-7.700226030198417],[-35.622536153253186,-7.670029672683384],[-35.52585254478745,-7.607601547728704],[-35.50922608548045,-7.5175298711345295],[-35.38267814095117,-7.449168684814317],[-35.316200348317786,-7.405729138721995],[-35.12620500920777,-7.399973941538894],[-34.985202141572756,-7.500825617203788],[-34.87364034671011,-7.54328568903581],[-34.807611069085496,-7.625506709889377],[-34.83766141580962,-7.792019465447633],[-34.863185124444335,-8.036712540329873],[-34.939474837994695,-8.303111720643411],[-35.014873350772156,-8.423339448605104],[-35.02180810187476,-8.505712778334217],[-35.00933644793604,-8.567594357283175],[-35.07892615283749,-8.711001067371457],[-35.15263036076017,-8.913733478048341],[-35.299336975632144,-8.87366435005363],[-35.46238922248847,-8.818859860596826],[-35.55701048760502,-8.831513492194592],[-35.70031994555406,-8.906620097825565],[-35.78763937891086,-8.851160494029731],[-35.911462711258444,-8.861319576305082],[-36.086450286687636,-8.944097876155327],[-36.15176741064492,-9.042724965335907],[-36.26703601651829,-9.111121208706248],[-36.260177845181275,-9.170833669768756],[-36.35364289835552,-9.220152379997142],[-36.454297398568315,-9.2256925498103],[-36.57279660646825,-9.320032773143454],[-36.62791701846723,-9.332366313862963],[-36.83607737718017,-9.288660577588292],[-36.937913679029556,-9.352853773681511],[-37.08093963131884,-9.254034624671414],[-37.22881695962715,-9.225569446134172],[-37.32773572522182,-9.093259500376716],[-37.48703723381541,-8.975590805040829],[-37.643915302116284,-9.018377935891525],[-37.72170621401219,-8.915557898793415],[-37.81183317652999,-8.884782063831183],[-37.87962815941256,-9.015449092660543],[-37.99951280835324,-9.15227898704431],[-38.15801122722451,-9.263865538704474],[-38.32028954065588,-9.091325615204456],[-38.46243379420092,-9.017276250323253],[-38.60385131327813,-8.8806270876213],[-38.739709574827316,-8.844883832792192],[-39.04282827442909,-8.733385363587997],[-39.248041796493155,-8.668804471155683],[-39.38638892276201,-8.533527732142774],[-39.59183911100907,-8.64815921973293],[-39.70543912250019,-8.799589085671142],[-39.90694494108804,-8.981665650728942],[-40.151123841580656,-9.107169217790148],[-40.30955434115957,-9.275544560020835],[-40.506287428056645,-9.408432255099846],[-40.72219532195785,-9.445986580941625],[-40.75160534679591,-9.308065460659963],[-40.68057883137901,-9.200342771056722],[-40.78611220627021,-9.105224589851389],[-40.866294521472746,-8.923425671443892],[-41.0212566570009,-8.843597007156738],[-41.113031675860114,-8.759762511152706],[-41.225280595239454,-8.704705198106376],[-41.2687402549783,-8.663259609753267],[-41.1495089563431,-8.533952393852616],[-41.00069176067433,-8.400761084695777],[-40.89268318931785,-8.37182800183842],[-40.7928049235672,-8.32006649929132],[-40.700605619060575,-8.202642797802717],[-40.596518282619606,-8.118060584982882],[-40.65375231558891,-7.782227640484585],[-40.70934885770939,-7.5038350304877905],[-40.50048723394185,-7.328029605068048],[-40.19570443457279,-7.358183643716904]]],[[[-32.39683578920708,-3.852476968567558],[-32.3977518877939,-3.8568654355249827],[-32.409196838898936,-3.85663507946755],[-32.41136203938,-3.864698621402042],[-32.41741781435704,-3.863511804936538],[-32.419863385758944,-3.8691771681151113],[-32.42658528921225,-3.8668153630606033],[-32.423167513214224,-3.8730616718228053],[-32.42505634224245,-3.8793652698615393],[-32.42786143687335,-3.8714404856158655],[-32.43575116734704,-3.86987336809445],[-32.45311201791444,-3.8756848376494286],[-32.45772518055707,-3.881626318702067],[-32.462167566083394,-3.87787755867298],[-32.46475418928604,-3.881207825842025],[-32.47672454770261,-3.8750293319779106],[-32.46775401797736,-3.877004588604028],[-32.46089158977975,-3.8729050945603025],[-32.456420267570465,-3.864617854648147],[-32.44858576734535,-3.8628071684971808],[-32.44930876240163,-3.8566409438192677],[-32.44697545827166,-3.8535251664012162],[-32.444085069543156,-3.8546974821772046],[-32.44350367778351,-3.850923944848277],[-32.410611533527394,-3.8370005652448285],[-32.40375325704937,-3.8366652411386837],[-32.39963850171481,-3.8304607401040616],[-32.39769551693612,-3.833457417482101],[-32.400529094659106,-3.838513525312967],[-32.392474734044676,-3.8516682578896972],[-32.39683578920708,-3.852476968567558]]],[[[-35.0000031282046,-8.450807132184252],[-35.00706448894082,-8.457852932579758],[-35.027274762862355,-8.45583468528463],[-35.02634286682079,-8.451117140524437],[-35.03145426282099,-8.440451674168864],[-35.011937402025104,-8.437327912290742],[-35.00836233074004,-8.444672473583855],[-35.00036533803388,-8.445692986187312],[-35.0000031282046,-8.450807132184252]]]]}},{"type":"Feature","properties":{"uf":"PI","nome":"Piau\u00ed"},"geometry":{"type":"MultiPolygon","coordinates":[[[[-41.75052487315227,-2.8018020262159444],[-41.48129700078442,-2.8967471411755743],[-41.321576139668636,-2.9354562500962893],[-41.26136126844575,-3.067113948046166],[-41.36051619886682,-3.244224736493389],[-41.3560405103898,-3.410867278573716],[-41.33688199260792,-3.5539299287620962],[-41.290813743077834,-3.689725157132032],[-41.27686963551851,-3.82565684290222],[-41.2442045959847,-3.986425393078079],[-41.17182876771848,-4.032513386597028],[-41.09910184311234,-4.181875005716737],[-41.1775864771662,-4.467711748344205],[-41.2028310137429,-4.638228594113456],[-41.209990907556104,-4.78337993458204],[-41.20962667966444,-4.945992904258084],[-41.08818373826019,-5.065646398958473],[-40.94933645743818,-5.166910265069524],[-40.924259723366234,-5.27487099608872],[-40.93820805645806,-5.416386846758113],[-40.93297308626094,-5.547313334901428],[-40.905835603828145,-5.801487463024416],[-40.90396437324578,-6.020909875392336],[-40.810521948962204,-6.287096532022196],[-40.787685918690066,-6.523812569127935],[-40.51740614913755,-6.730528933866001],[-40.370596376533186,-6.808027983832424],[-40.406268407380765,-7.005360973585094],[-40.484388401737746,-7.133232894844712],[-40.58926086818516,-7.408686110734136],[-40.66267542964677,-7.579534095698051],[-40.55131438613507,-7.822465769697089],[-40.58952083847536,-8.137840035371074],[-40.70559269926273,-8.220738142932447],[-40.7928049235672,-8.32006649929132],[-40.897763196095156,-8.367952929464641],[-40.965574446088404,-8.412163933360022],[-41.11147958127433,-8.533666268044337],[-41.21781118037882,-8.646055765827857],[-41.411405118744774,-8.77440348513251],[-41.54453400458536,-8.960584631681154],[-41.680465911579006,-9.012317610571923],[-41.83829856105192,-9.242428986570292],[-42.02193958286219,-9.249790996094779],[-42.289973791327704,-9.30953053173186],[-42.49122590270658,-9.469642138579646],[-42.679923060045745,-9.54918326732737],[-42.82055747514219,-9.619264302569738],[-42.962145263387185,-9.469850736922092],[-43.074550724366915,-9.39971860349564],[-43.19170193907896,-9.42046348036925],[-43.31500541277057,-9.389412125412342],[-43.54088247828289,-9.308275684272221],[-43.85257995430185,-9.562168353303946],[-43.76156699759133,-9.777912321383633],[-43.705473547524214,-9.90641114207007],[-43.69264867648281,-10.060290554515865],[-43.83804882183356,-10.266086527084111],[-43.99812041637417,-10.41009554328782],[-44.11061548235626,-10.597226691850796],[-44.333092312977605,-10.548795095593519],[-44.626989424587784,-10.675606639989423],[-44.78805076560264,-10.80854919616393],[-44.96836465257416,-10.900536146842875],[-45.1539376320383,-10.839110843280285],[-45.390198307077796,-10.648324616694529],[-45.424482630108145,-10.426514349524563],[-45.57130217860998,-10.186911363296096],[-45.726624255676114,-10.156877379880278],[-45.94560250366624,-10.196463905891331],[-45.880180431724604,-10.058615627001844],[-45.86353204602481,-9.881443419598835],[-45.820339568514406,-9.740146491725888],[-45.83767663048628,-9.591685622147946],[-45.78946985559826,-9.470316907058105],[-45.863197065853385,-9.359175661751737],[-45.903477361161286,-9.26847597359384],[-45.927579752723055,-9.102685670425194],[-45.98081231204029,-8.966835485794379],[-45.94551769414346,-8.840397545114097],[-45.86460890561145,-8.715903757035269],[-45.793931311467894,-8.592442214862775],[-45.72854733107574,-8.42988037892211],[-45.671302398612376,-8.294805003843365],[-45.584761339227555,-8.100260762376625],[-45.5561433163229,-7.954343088314088],[-45.54036892067168,-7.864718202126313],[-45.496487259502125,-7.750318975633806],[-45.46073325397609,-7.677999532414467],[-45.373638144634185,-7.618805136632795],[-45.17442879610047,-7.528869470631488],[-44.937227486219705,-7.470041255972239],[-44.81673236532044,-7.361226826527921],[-44.64027112017264,-7.314872513387293],[-44.486229434544164,-7.176452979877019],[-44.26479589822405,-7.021006480144833],[-44.115180306207144,-6.838375777107886],[-44.05337549908195,-6.768331670597278],[-43.80819191248823,-6.720296463500631],[-43.6375179804836,-6.719586530346134],[-43.45484392118609,-6.846230278914933],[-43.21514585758065,-6.763094298010579],[-42.982601612037065,-6.72258604659272],[-42.885122842700405,-6.508942050075352],[-42.83709106616688,-6.325378097304144],[-42.95187574114824,-6.187724889995093],[-43.048632890932616,-6.000565439257995],[-43.09804348470159,-5.793146613376079],[-43.08065177775984,-5.599873202955196],[-42.929517798300786,-5.437454837439508],[-42.82750440457117,-5.233836830309052],[-42.85523274288592,-4.9353318291124575],[-42.92055049292472,-4.7372808669238635],[-42.859488854167374,-4.500895502887997],[-42.96228827144617,-4.334544708250561],[-42.88754422078277,-4.14766331947616],[-42.7888426789826,-3.9636154868979485],[-42.68353348298378,-3.762308917169111],[-42.59894540103096,-3.580295484907703],[-42.487616425018054,-3.4678975940628014],[-42.37718001915137,-3.4513675642693866],[-42.19766026838605,-3.4243562674087182],[-42.098628677323134,-3.296053765008444],[-41.979029605796384,-3.218537356983406],[-41.89750867861884,-3.0964934169848153],[-41.80700862127781,-2.93803635973148],[-41.75052487315227,-2.8018020262159444]]]]}},{"type":"Feature","properties":{"uf":"RJ","nome":"Rio de Janeiro"},"geometry":{"type":"MultiPolygon","coordinates":[[[[-41.82558828944546,-20.788576761805064],[-41.737400200364384,-20.836579693097104],[-41.711949904800925,-20.981036589808472],[-41.735648993060686,-21.103343224560504],[-41.66267082238813,-21.12504895331174],[-41.552114161032584,-21.176019807782712],[-41.435638126423505,-21.21599921364286],[-41.332637940989045,-21.21494316094181],[-41.246953341819776,-21.221167180394314],[-41.18287602712919,-21.23629917859195],[-41.09106671368675,-21.221632407645714],[-40.97284179772028,-21.294083506385988],[-41.07120051102444,-21.544818547738316],[-41.13101712698591,-22.09098484227352],[-41.74092753593536,-22.340636619460394],[-41.899762610705146,-22.494698552643566],[-41.93477654788496,-22.766248227278442],[-41.87886175310574,-22.77547540954698],[-41.970089186502875,-22.82142854536102],[-42.021202266943085,-22.961766534852124],[-42.030226233256094,-22.982974150106333],[-42.71434790495233,-22.95616651955484],[-43.111071961275876,-22.95413305489588],[-43.12461975881909,-22.906367012123816],[-43.06607296550825,-22.802573068117116],[-43.04413662746841,-22.68541268879214],[-43.152207507969585,-22.707583207513444],[-43.27823829807705,-22.780988784253815],[-43.209348719153326,-22.86896998310679],[-43.1610768518639,-22.912576061776857],[-43.16422922034815,-22.954437594906288],[-43.30628960670245,-23.001009999883184],[-43.41285454625883,-22.989660270822867],[-43.32295810159448,-23.000720335349545],[-43.549905159249995,-23.073361515201494],[-43.99330130924627,-23.06760889182837],[-43.7119112135341,-23.055051099220204],[-43.59976743969079,-23.023671191108992],[-43.76821588650501,-22.932319966661993],[-43.83688216583939,-22.903434102817663],[-44.022187733927474,-22.963207934127066],[-44.105157699806355,-23.015545755610702],[-44.24685820734335,-23.04914158636028],[-44.29864921420543,-23.02616756182846],[-44.35827384270323,-23.023334649893812],[-44.31318887837722,-22.959724694900256],[-44.345270308563016,-22.92179091013717],[-44.372551538851646,-22.958536367289145],[-44.43516190553874,-22.98767229469725],[-44.489520435940925,-23.020731523545166],[-44.61438625948515,-23.05190874252187],[-44.69634725149686,-23.10277391363643],[-44.71505468192522,-23.190327353513673],[-44.67152461835022,-23.211097638611903],[-44.6410456756961,-23.21924185838431],[-44.67922121159339,-23.2527183918222],[-44.638135790019845,-23.29032761844487],[-44.51880429826461,-23.281007149778027],[-44.59949449111989,-23.359865097054875],[-44.68183038124685,-23.34049276903128],[-44.75372895736505,-23.352611754376724],[-44.78799379601072,-23.305737711747106],[-44.8431719803995,-23.255788711328222],[-44.87614665242266,-23.196597232530827],[-44.84027008136567,-23.166982265367626],[-44.816197107533334,-23.110168722452332],[-44.80924792024003,-23.052190168521452],[-44.79326858207623,-23.01043357561735],[-44.786729999827735,-22.982374348612783],[-44.74980123665112,-22.968930255170665],[-44.710676334094735,-22.931862745329365],[-44.64691207942288,-22.919765891851178],[-44.56558207864711,-22.88343044132208],[-44.51224152257572,-22.858146585386784],[-44.47141189042837,-22.876519931871186],[-44.38787819888484,-22.857694372466554],[-44.32377312827787,-22.84954271936364],[-44.26567601670663,-22.8189165859042],[-44.25746387978318,-22.77878273284453],[-44.22531639189001,-22.73355643362424],[-44.175004845660624,-22.700166754004822],[-44.1984937098113,-22.63045424579017],[-44.248436328302155,-22.60695953486116],[-44.318456058158645,-22.597088904091184],[-44.35027134594501,-22.595561168163663],[-44.36940249163501,-22.589146078054927],[-44.364456692971906,-22.578469519164717],[-44.39188068358905,-22.573107431335288],[-44.43021473323655,-22.59849667005327],[-44.48832523435459,-22.606718029998166],[-44.53136034230328,-22.63069277006647],[-44.54741527289809,-22.607552694906662],[-44.59814368677154,-22.609956637575333],[-44.6471074563306,-22.584606400949983],[-44.67381710308901,-22.5354522988857],[-44.7236462057466,-22.481555471511264],[-44.807587818502604,-22.405440087406603],[-44.64289038422595,-22.35371725336922],[-44.53054825948308,-22.323879432327555],[-44.432257396585676,-22.251414402736646],[-44.29149799520981,-22.243030647606574],[-44.20168879866105,-22.251534250717143],[-44.12310105832583,-22.18824277011706],[-43.98832206755402,-22.150148953627653],[-43.816742575750276,-22.08662552960021],[-43.700236179952626,-22.077878938844574],[-43.59965722177913,-22.058981141322207],[-43.48667591842395,-22.073451927830877],[-43.280515863483025,-22.01101438399399],[-43.16470825370125,-22.02291195034839],[-43.07801112096109,-22.084085032322562],[-42.79172534414512,-21.930848640292417],[-42.39119254914194,-21.760189261722918],[-42.28711763702023,-21.672700240853917],[-42.36396928601896,-21.63187032271879],[-42.28643472365754,-21.528049299549973],[-42.26081669780681,-21.410061250449417],[-42.21252538851364,-21.272053008446235],[-42.175561220489236,-21.132143144673602],[-42.109096954885615,-21.014750966692407],[-42.08744537308745,-20.939132823262607],[-41.94978831089705,-20.85794536842046],[-41.85384716826016,-20.764133808064695],[-41.82558828944546,-20.788576761805064]]],[[[-44.19599554837768,-23.098760018516927],[-44.19487633639648,-23.103832677556376],[-44.190884421593815,-23.102675613024203],[-44.20032951447704,-23.10941553051416],[-44.201102072935285,-23.10581513586369],[-44.20755064078543,-23.104074691616862],[-44.21776550870269,-23.10617441345354],[-44.21630246293435,-23.10988462714622],[-44.208825051673735,-23.1116435778162],[-44.2068486397068,-23.108304314108704],[-44.2017742277242,-23.120007173251118],[-44.197383038578046,-23.122246379022215],[-44.169802500884735,-23.11901311692739],[-44.1728203279084,-23.12920175180228],[-44.17052270399825,-23.138097439135674],[-44.163042534846035,-23.14251611418112],[-44.15599224054815,-23.139398539599803],[-44.15827317564159,-23.135537903317665],[-44.152019808938164,-23.13475665911057],[-44.14771445996236,-23.12523745722868],[-44.12748728878864,-23.120019281298838],[-44.124907509620684,-23.12501726625808],[-44.14094195170392,-23.13978215956068],[-44.138913541334794,-23.146071157555625],[-44.133860420290006,-23.146113211539014],[-44.140801500961935,-23.158269822094415],[-44.1384900277257,-23.160118031821515],[-44.12988562759033,-23.154732082764745],[-44.127442241691305,-23.156232313253504],[-44.11660489510614,-23.148482128942042],[-44.11727050034399,-23.154691840593088],[-44.10789528484177,-23.164783494251083],[-44.09769145066977,-23.16451226334213],[-44.091853342357844,-23.167993776803925],[-44.09543407168109,-23.17534450725575],[-44.10904687963417,-23.17886653300293],[-44.117909726700304,-23.186343324787444],[-44.13240898698881,-23.18739492869598],[-44.12397232915341,-23.178000373166583],[-44.1291831747186,-23.171153057895786],[-44.13752586754536,-23.168112870864555],[-44.15935302069416,-23.171973071462627],[-44.17115630956186,-23.18509860589823],[-44.178219311401605,-23.180306641671038],[-44.18626789376271,-23.180919320588753],[-44.19037709931554,-23.188941171917115],[-44.18285664278457,-23.1914905002375],[-44.182688902843324,-23.195213745101405],[-44.19705143909089,-23.204120206495467],[-44.19759843715784,-23.197887859618437],[-44.20751896468003,-23.192669860966337],[-44.2274947873741,-23.196186723301363],[-44.232296516846155,-23.20028894989471],[-44.24494150976499,-23.200199743552787],[-44.251719316985564,-23.204974374933606],[-44.2590800760223,-23.20273815752257],[-44.25249297292784,-23.19736222277139],[-44.253664117569386,-23.19152570687139],[-44.260990064234925,-23.191601601538764],[-44.27205225108424,-23.197246511382986],[-44.267353818439574,-23.18638213532496],[-44.27379435052037,-23.18008880296834],[-44.28546421912239,-23.176438798784865],[-44.28593879729313,-23.179060458355497],[-44.29443751698395,-23.17690583918617],[-44.31129380802948,-23.18055980909142],[-44.31819043903038,-23.186211832823087],[-44.31582963690761,-23.190154117729815],[-44.32329877323196,-23.202957152088583],[-44.33191029739958,-23.210803009069735],[-44.33391749228573,-23.223499188799124],[-44.349245782001574,-23.22663871752404],[-44.34063190638429,-23.218532882341698],[-44.351355205188206,-23.216752274093302],[-44.351635915574725,-23.213960767308205],[-44.34897147161222,-23.203174671157043],[-44.34043760886678,-23.19098168915032],[-44.34185184573496,-23.181882129849132],[-44.345944297807506,-23.180654289262193],[-44.35818541460372,-23.191117959589512],[-44.362494810751805,-23.178525441689878],[-44.371714715821376,-23.183290806573584],[-44.37829564416597,-23.17694225508568],[-44.377629944758674,-23.17169419645798],[-44.36849894887794,-23.164497194878585],[-44.36179588368763,-23.16530754493597],[-44.35469077643827,-23.159438944080268],[-44.349356691724886,-23.160930821862923],[-44.34046768549887,-23.1536759763609],[-44.32710941538738,-23.154886727504028],[-44.32079701432298,-23.144385672308914],[-44.32471204452217,-23.140148557020204],[-44.31733191214983,-23.135462284852693],[-44.311323446324224,-23.137207091483344],[-44.31415557137912,-23.13311453582025],[-44.31060245097759,-23.125316869786122],[-44.297358432559605,-23.11555215827944],[-44.295045625068084,-23.114526327081997],[-44.29438688985967,-23.122401124202568],[-44.29766085359067,-23.131725887327296],[-44.291352408037284,-23.13196845495626],[-44.290356066547815,-23.137423928055096],[-44.28480347090941,-23.136593793658076],[-44.27996185756801,-23.125641949510303],[-44.273886890466294,-23.123902726782617],[-44.275661659344266,-23.117502662079016],[-44.266534203159,-23.115605727061332],[-44.25999067729411,-23.11641129785553],[-44.257852099311506,-23.11217825599816],[-44.249938825460454,-23.109737867792052],[-44.25126927174988,-23.100208295903414],[-44.25957648504358,-23.099784107051732],[-44.237721962043075,-23.09308593212479],[-44.23804808972875,-23.086454179524083],[-44.23526738899548,-23.085014756133372],[-44.23366115201148,-23.090137876449134],[-44.21735718137461,-23.08974740298093],[-44.20971855842849,-23.09289841473159],[-44.21032277075967,-23.099201543428624],[-44.19599554837768,-23.098760018516927]]],[[[-43.17254111144142,-22.775979701786294],[-43.171293170084375,-22.783048240888434],[-43.16590022273172,-22.777096503254807],[-43.157513703956404,-22.778550778421412],[-43.157118867341055,-22.78677213138787],[-43.18201276176372,-22.80409895439346],[-43.17787598519567,-22.80661506858789],[-43.175455422886245,-22.82014292707492],[-43.16573500400469,-22.820802037986827],[-43.169489530949804,-22.82624498529328],[-43.173402550547046,-22.831162606131024],[-43.17618034181957,-22.82426794647249],[-43.1852325449061,-22.833594744106534],[-43.19176802355673,-22.820505116479097],[-43.20448318085295,-22.81990192696813],[-43.20934641814045,-22.81526817741964],[-43.226793114367354,-22.820490196157152],[-43.24231577341578,-22.833353134916504],[-43.2489015372129,-22.82952754455895],[-43.24751482243365,-22.8255908730268],[-43.25886991134972,-22.819737289040912],[-43.26365335320532,-22.809297273430367],[-43.25945551044101,-22.804228321933223],[-43.251547318970836,-22.808153211460482],[-43.24420876611153,-22.807567521174843],[-43.24376352614301,-22.80064232114489],[-43.22990570019951,-22.787980883157957],[-43.22937360270062,-22.783137192314353],[-43.218176829306046,-22.78569177326861],[-43.208407128527824,-22.794574823886403],[-43.190295199714036,-22.796378013805015],[-43.189814467606205,-22.786856871507148],[-43.18298749086207,-22.781477488970477],[-43.178487955165785,-22.78256764814252],[-43.175118048614344,-22.776955689632317],[-43.17254111144142,-22.775979701786294]]]]}},{"type":"Feature","properties":{"uf":"RN","nome":"Rio Grande do Norte"},"geometry":{"type":"MultiPolygon","coordinates":[[[[-34.968838313489194,-6.490173775689415],[-35.028596242652355,-6.505570197157209],[-35.1037355822701,-6.505892809972085],[-35.170351957327505,-6.558439755082639],[-35.22448203181017,-6.521680231777137],[-35.33082405180722,-6.544388620437159],[-35.42402157144592,-6.488702056423001],[-35.464274228621235,-6.482759606027005],[-35.52593889534841,-6.476273588303479],[-35.55214893177704,-6.490871430668395],[-35.59221283352897,-6.471677964920697],[-35.663651552838736,-6.4468778811659835],[-35.72190334733283,-6.471713247472139],[-35.77997240836235,-6.483323355623486],[-35.96528592217948,-6.4844068476500825],[-36.00838129081745,-6.465167020293808],[-36.073806238088075,-6.414919485601726],[-36.09861495480538,-6.4199722478953065],[-36.204229815978294,-6.432267268929303],[-36.28296143228254,-6.397465833191887],[-36.279914643092674,-6.308909947146169],[-36.36264595416444,-6.310027066048886],[-36.50441712690015,-6.386498167661219],[-36.519312219489656,-6.5025963502075435],[-36.44921294467924,-6.5539600502959345],[-36.460557214201245,-6.634438793061278],[-36.52355735566819,-6.60224868136695],[-36.544242749673366,-6.731247714162638],[-36.505530124264794,-6.808867730980192],[-36.57411719807413,-6.8575008839826],[-36.654915335553916,-6.928280448621185],[-36.731107467023556,-6.976229286528002],[-36.74502536332152,-6.879556693205217],[-36.835065679371326,-6.731114658595158],[-36.95269794610302,-6.775196272518288],[-37.003626130461434,-6.709655787509998],[-37.120094214024505,-6.767334579486655],[-37.252090783749495,-6.813143393666647],[-37.269395973720556,-6.762028154675841],[-37.31433173802918,-6.689017518490531],[-37.48473126700814,-6.710079944889734],[-37.47603214656818,-6.6081571801439],[-37.473973984802015,-6.538012093715979],[-37.397264302589186,-6.514644402434199],[-37.39770257867894,-6.416330202390269],[-37.37787947006946,-6.350484003275302],[-37.306491545488726,-6.27811126943586],[-37.20161475422488,-6.205750631431541],[-37.16641565941895,-6.153956456733122],[-37.173966146874385,-6.0480644022815415],[-37.25650820591934,-6.02851950030332],[-37.309233482617195,-6.057808103689429],[-37.382371982396286,-6.085601302359035],[-37.45897998683343,-6.145049001327332],[-37.521908978363896,-6.151837610682055],[-37.573802585717694,-6.158820099578202],[-37.680122663445864,-6.1891983309311085],[-37.753565155472465,-6.198514414823608],[-37.77664356694593,-6.245919846991747],[-37.77172886867283,-6.2909926461091406],[-37.82270316205846,-6.317823359553222],[-37.8542720174294,-6.366360321915579],[-37.890285888670086,-6.400178610092665],[-37.955424833133506,-6.398250185370193],[-38.013724567751105,-6.427470226130016],[-38.026787413631816,-6.474799229779631],[-38.046376236949456,-6.440973135475471],[-38.07089448929294,-6.463969200485765],[-38.13554572162445,-6.518518166887557],[-38.22714719989292,-6.483989720849531],[-38.269873765335525,-6.494482482734989],[-38.312521730219586,-6.48817515492849],[-38.33935185363317,-6.460167751944623],[-38.375146369490125,-6.437420900358647],[-38.40306246137677,-6.40982545711617],[-38.44886417684189,-6.3946169135149935],[-38.476065998316244,-6.345769226004068],[-38.50544749602319,-6.356550836150159],[-38.563334215821264,-6.356073534845873],[-38.57032240584618,-6.300035218332915],[-38.545877302944184,-6.245468578642211],[-38.525921699455814,-6.1982827336942865],[-38.472961565848735,-6.152021268835131],[-38.44734320324552,-6.085321170177367],[-38.39501946279413,-6.05545468298225],[-38.36527275605509,-6.088503176209987],[-38.319948751016874,-6.07708290072794],[-38.27006132091495,-6.062713534018456],[-38.244531365614804,-5.999502292214386],[-38.175459428768235,-5.953446969115319],[-38.14674848568097,-5.916223617646997],[-38.0761841879724,-5.7811033055239465],[-38.09013031226607,-5.720527250322637],[-38.01399353099429,-5.594446987445263],[-37.93266442783259,-5.503157818129136],[-37.892255736669675,-5.480810125163666],[-37.863766811669805,-5.374142131183596],[-37.78263715823127,-5.286789854575786],[-37.79006042531679,-5.210993832038651],[-37.72402215662457,-5.069759032227756],[-37.640371604387504,-4.926461776647839],[-37.44648100375145,-4.881020115324417],[-37.18147894348827,-4.917024513229342],[-37.09805133923199,-4.924971255524241],[-36.9993746690148,-4.931206520766751],[-36.90134982479311,-4.950946457588027],[-36.73266320601996,-5.059835173509056],[-36.700795314960324,-5.086155201085812],[-36.60694460157393,-5.082136229631599],[-36.527050451134706,-5.077813864446562],[-36.35031396014555,-5.0875347482261155],[-36.27705215586962,-5.090210236135831],[-36.0992751534309,-5.076445283676961],[-35.984561034733005,-5.046428097298983],[-35.82900485087573,-5.074976770347985],[-35.708504658657446,-5.103984814671284],[-35.61707372545072,-5.112235341413949],[-35.46552685690178,-5.185924690805652],[-35.383574132315566,-5.269944373357051],[-35.326086564194064,-5.381346479101772],[-35.28932954834359,-5.459453038966574],[-35.25460348927621,-5.519895973119455],[-35.22519386310672,-5.596703865543924],[-35.21439471794422,-5.681867890708737],[-35.19657601565484,-5.7597879189058805],[-35.17141045701626,-5.882391648926002],[-35.15427271620131,-5.928237931006214],[-35.113912119793156,-5.994733699285637],[-35.09990227457651,-6.084782013706213],[-35.07233932499439,-6.22186152215157],[-35.030882524115796,-6.3086255976523145],[-35.00790782904951,-6.367092035473264],[-34.96859429513287,-6.48730848002588],[-34.968838313489194,-6.490173775689415]]]]}},{"type":"Feature","properties":{"uf":"RO","nome":"Rond\u00f4nia"},"geometry":{"type":"MultiPolygon","coordinates":[[[[-62.86652402593562,-7.975881654522046],[-62.68657419107015,-8.173788589853773],[-62.5514382384971,-8.358209683684473],[-62.361132338728716,-8.423704991659097],[-62.274192791719145,-8.582947739771287],[-62.10959961177173,-8.805111004868852],[-61.8609404633509,-8.80363170367621],[-61.69743938066328,-8.709599582614192],[-61.523492826564556,-8.818613459342998],[-61.55528707155089,-9.131514241922712],[-61.57497433853704,-9.237164375307769],[-61.61612926332085,-9.326843788096488],[-61.561355000832876,-9.40066522210554],[-61.52703705210642,-9.533282222579375],[-61.49566492116833,-9.624796759305887],[-61.5729315544518,-9.723975944672256],[-61.51099782734848,-9.895581646298748],[-61.57861945902047,-10.07926686145119],[-61.57351627613214,-10.219312569006602],[-61.49697791617175,-10.389604117114416],[-61.479003688555174,-10.52965628209542],[-61.48087389154269,-10.714802298562034],[-61.51100914597831,-10.794840433014759],[-61.518813312822694,-10.917393387749799],[-61.48375046833842,-10.986912770847425],[-60.80277303551932,-10.989119628834363],[-60.40825730535392,-11.071250259631691],[-60.3344742270433,-11.082910862568381],[-60.238782511421306,-11.09496397925161],[-60.1424219134878,-11.105762382486175],[-60.037367567426145,-11.117373495018658],[-59.97987521600079,-11.139822357226173],[-59.98196112542281,-11.23352086066088],[-59.920563937200065,-11.398028549488064],[-60.01789912566872,-11.49605722950205],[-60.08662236416003,-11.560966815323157],[-60.10983860858552,-11.615562812355993],[-60.116622995817046,-11.729320134759512],[-60.09678640808714,-11.795346925622185],[-60.1087018654604,-11.839602602292613],[-60.07484006050324,-11.87972689902086],[-60.0120098425991,-11.893063388796822],[-59.96651004011737,-12.007185826582118],[-59.90009894353793,-12.170899251450944],[-59.83248236730858,-12.401422813459801],[-59.90759926098513,-12.480243987470406],[-60.06298648900909,-12.641857264612105],[-60.13079409837754,-12.961698017040892],[-60.22462780866948,-13.03356833391495],[-60.268440259143894,-13.144999861360027],[-60.33310568385529,-13.258008753471328],[-60.36602180591111,-13.332262079887503],[-60.381523522986086,-13.44216535030251],[-60.49555170907577,-13.499752576112506],[-60.58766608540915,-13.565149880934728],[-60.66921812549701,-13.608360424412073],[-60.70955197688966,-13.676155446263776],[-60.77408619159939,-13.661286997171368],[-60.97208025851844,-13.537001441795331],[-61.05091453122077,-13.495420127844003],[-61.144248060943426,-13.528635585777556],[-61.27514475149109,-13.506091686893997],[-61.5081927348855,-13.547974912520992],[-61.62892261609008,-13.515535386645313],[-61.754424548312464,-13.537087562960313],[-61.866057167161046,-13.531750665242633],[-61.98042349362708,-13.365532591747405],[-62.09812050528737,-13.272752134415263],[-62.17770057445339,-13.137030062201134],[-62.294979364012036,-13.14994935770794],[-62.4139254685264,-13.128421328826073],[-62.52375222785241,-13.06554240733508],[-62.66062133471772,-12.969511380779243],[-62.80883523548524,-12.962177620462866],[-62.94742689497468,-12.858664357887324],[-63.08047431985814,-12.703885011604893],[-63.16441056933525,-12.615760511780747],[-63.35023027609362,-12.65674207856308],[-63.61390671086107,-12.485314557435636],[-63.90064345203768,-12.506062125973003],[-64.08920613260445,-12.486178478441497],[-64.21965061297715,-12.462365671230799],[-64.50072402471359,-12.36557051724954],[-64.71355980472849,-12.123547815302148],[-64.8429299935768,-12.105641737844111],[-65.00048261201327,-11.993415330848805],[-65.08048520993628,-11.720408299228671],[-65.22528050138682,-11.596481833450802],[-65.33763583262419,-11.313296599002525],[-65.3011709540098,-11.03216553292726],[-65.34346725241006,-10.716334736755696],[-65.42452279995862,-10.493464352308294],[-65.30693984130234,-10.165028425210627],[-65.36371385476893,-9.711613378946662],[-65.53209103843452,-9.781635273062692],[-65.65079734915501,-9.814975483619568],[-65.70620871436759,-9.757495259732869],[-65.81304062468465,-9.772441731363594],[-65.89898720605736,-9.759995278455877],[-65.98112969920734,-9.808683281755076],[-66.12276491659858,-9.79113056732478],[-66.24179902441865,-9.827006652141334],[-66.38218432808969,-9.867880186651561],[-66.48902070741941,-9.870765928405596],[-66.61981896813647,-9.894077096213199],[-66.50052064031856,-9.633591806725036],[-66.31882251725875,-9.419990276412593],[-66.04231879889286,-9.402398476510177],[-65.81793565687663,-9.562282042201375],[-65.63468094824009,-9.429725374318766],[-65.45456877424859,-9.408632323180274],[-65.23997880022092,-9.26145065706],[-65.08882079035455,-9.425105334368995],[-64.95356284645429,-9.271295149634021],[-64.87894075465223,-9.022838732698915],[-64.56878950978353,-8.991795205105161],[-64.2975909853074,-8.99621708711119],[-64.0750609576736,-8.713126218034454],[-63.922390836649605,-8.567394901359991],[-63.894833540942706,-8.302044683619258],[-63.65077680901072,-8.06645461159183],[-62.86652402593562,-7.975881654522046]]]]}},{"type":"Feature","properties":{"uf":"RR","nome":"Roraima"},"geometry":{"type":"MultiPolygon","coordinates":[[[[-58.8953925314922,1.2276474057748954],[-60.12786272646143,0.08824514125028318],[-60.22509004352784,-0.11955000586795006],[-60.30483765415667,-0.26482104038741167],[-60.3443083707394,-0.41313109023677574],[-60.3651152661005,-0.5970433940377593],[-60.34122873375289,-0.7389870302277375],[-60.495671709144915,-0.8042588993568526],[-60.62400474485504,-0.8714761279158196],[-60.758997877226726,-0.8098118467465533],[-60.81205431888186,-0.6920367864331406],[-60.9464992660549,-0.5595343216834663],[-61.1551118118715,-0.5053676257945682],[-61.2981686270052,-0.5761938997963404],[-61.51650026450582,-0.7456346135481013],[-61.5801126535525,-0.9303539307422286],[-61.57455621010203,-1.104804226634307],[-61.60569560817311,-1.3157667955006993],[-61.4812281721706,-1.5178524170383396],[-61.74066770035924,-1.3920184321729334],[-61.98789251691217,-1.2167389571864446],[-62.171780362203286,-1.0059085391857225],[-62.3664946818928,-0.8692419989743726],[-62.500941914096565,-0.7814588868038401],[-62.41038316732051,-0.710349409468317],[-62.32657926216091,-0.6563766108958139],[-62.31157586119584,-0.5374898963084666],[-62.21268666385519,-0.4083185004508092],[-62.24157816523402,-0.2608220534189041],[-62.33013308211109,-0.06893030654524736],[-62.423164649974545,0.1446821096814611],[-62.46759435906111,0.426040277077826],[-62.4659336507732,0.8290844032093613],[-62.47147913018629,1.0862888313674868],[-62.62010765036022,1.403792447358116],[-62.77334936058828,1.6563221955288887],[-62.83868179538893,2.0164812993363337],[-63.13743387118124,2.1610717715640626],[-63.42217062617322,2.378564688655851],[-64.00039745565755,2.4782131692812652],[-64.03897249280415,2.5785436169782945],[-63.98285901600289,2.7238231359602088],[-64.10230074781381,2.951599489599993],[-64.24896118193523,3.3990948193775306],[-64.3278474471469,3.720489392797329],[-64.65054671399999,3.991940729757586],[-64.69951435067817,4.25020811313267],[-64.33533774389106,4.129099867935577],[-64.09980008754005,4.034647417866702],[-63.94618655370139,3.9004795593182915],[-63.81257496398704,3.939090905404913],[-63.673409027498465,3.9268674352747026],[-63.652576470498545,4.001871863899226],[-63.53285657525796,3.8571434401667077],[-63.43841178047519,3.8832504989936387],[-63.33840663005494,3.95686078401918],[-63.2264661379685,3.8354687624585395],[-63.06340749822967,3.7049142362318412],[-62.90868923222401,3.67101921107563],[-62.73674548649815,3.6890763050286632],[-62.75730648157187,3.8596337268397183],[-62.749520829954115,4.020736566084917],[-62.572578622851935,4.014628261939401],[-62.54230638188078,4.109344386606153],[-62.46257641686926,4.1629594769405305],[-62.36535968331933,4.162671897435034],[-62.21535798513939,4.109064611764882],[-62.11730845883618,4.117390450860323],[-62.032579907052686,4.157943987505687],[-61.92758218985018,4.1079522205804855],[-61.836756761098584,4.1601657965068775],[-61.73591651743192,4.2632258422471345],[-61.63175106966239,4.240993678653705],[-61.520918648003025,4.325433386934445],[-61.43981048115493,4.435990723433799],[-61.313142675265944,4.457652525235937],[-61.28516970610648,4.537567964934459],[-61.16445071930056,4.501848090880886],[-60.99564178792749,4.525702476174029],[-60.93481020575557,4.6570856420250015],[-60.76397140772771,4.759029494697587],[-60.65897894550697,4.849026077469341],[-60.631842221251546,5.0499970362669755],[-60.70147443089533,5.194305161812705],[-60.590360834573495,5.207349857823649],[-60.383978926406336,5.221790305740614],[-60.24592548885145,5.251795204984481],[-60.065921685304545,5.127617470244239],[-59.99954025407459,5.029460255836128],[-60.03675729675199,4.798738366336129],[-60.117317318500724,4.595126196602666],[-60.13314703495053,4.501235507507603],[-60.00926082343728,4.496236115658944],[-59.92593472175193,4.475673888278481],[-59.83149009475275,4.454562057155621],[-59.69371085940842,4.377618799280554],[-59.735657004467804,4.235948637730937],[-59.62814649571324,4.053725066047777],[-59.579264303108666,3.997060589893911],[-59.53509998829636,3.9262313689053228],[-59.57871512422836,3.831513828946798],[-59.64037811561676,3.784571408551366],[-59.69398762331464,3.6881807719265822],[-59.81786350151874,3.6193047840021424],[-59.817882840555,3.520965911046412],[-59.81399067339833,3.427909446313375],[-59.87899240137127,3.2454090958066946],[-59.91927083953843,3.131798621273452],[-59.95926789606666,3.0279125439849666],[-59.98621089877189,2.8029225360177352],[-59.958714502020825,2.592087751393167],[-59.895656758047565,2.423199157326602],[-59.8056598950864,2.307364671922926],[-59.72649907864846,2.1995891558048366],[-59.73594278264391,2.0498669136895162],[-59.74038310820406,1.957094081852898],[-59.6917757511382,1.8534858706245176],[-59.68566188832117,1.7898695516946874],[-59.550389469396805,1.728207876127753],[-59.465110073609964,1.6176434619137816],[-59.3620585810574,1.503759860200107],[-59.28427983440178,1.4370914106642758],[-59.14594584111744,1.347087622150993],[-58.99372584452133,1.3270872985323225],[-58.912057761692026,1.2381959735496306],[-58.8953925314922,1.2276474057748954]]]]}},{"type":"Feature","properties":{"uf":"RS","nome":"Rio Grande do Sul"},"geometry":{"type":"MultiPolygon","coordinates":[[[[-49.71169880321688,-29.325787538199826],[-50.22430602981598,-30.236341663160776],[-50.879219028052525,-31.227910600644872],[-52.081687708135284,-32.15738242213362],[-52.05452190363207,-31.890982551858137],[-51.852258950207585,-31.86747333931647],[-51.66467690955893,-31.770895837762655],[-51.416327482521474,-31.473342649682735],[-51.07388769130708,-31.079937341892002],[-50.68641919616157,-30.500724707979384],[-50.630572439046155,-30.367554604155035],[-50.56866070442985,-30.458345558875518],[-50.644311238810694,-30.192168389007183],[-50.773486869895756,-30.33212882035199],[-51.04128235211237,-30.366300947335183],[-51.099396500753066,-30.243302624929747],[-51.19296656100982,-30.214160237083988],[-51.26290823939416,-30.109302892130223],[-51.277632745798364,-30.010845430444036],[-51.31942418497607,-30.175322200663963],[-51.246282927539546,-30.31504712342821],[-51.14340389561504,-30.47094805392593],[-51.30547453149588,-30.784243408022608],[-51.44767688895956,-30.87354858736873],[-51.66421411177818,-31.27104152478544],[-51.88270644505687,-31.31491643246596],[-52.05886373909712,-31.678942512925587],[-52.24044756356071,-31.838393740194842],[-52.150655004514775,-31.928202734235917],[-52.225980404851725,-32.06825749388783],[-52.20152723938605,-32.023930182143914],[-52.09599768744372,-32.010874846071054],[-52.13867837010169,-32.06186820451591],[-52.371067126696005,-32.489580334029675],[-53.43206083782997,-33.73092053279297],[-53.509011679923006,-33.527992463861594],[-53.44304053937827,-33.38031686851754],[-53.31396885027511,-33.093566480923165],[-53.058617123901875,-32.82210280075212],[-52.58620472805979,-32.52666742301653],[-52.748776460137535,-32.1743994088348],[-52.73697615247279,-32.20209590351662],[-52.802547829580334,-32.35913821453854],[-52.95783535289713,-32.490681325431126],[-53.2712407823063,-32.60533541295079],[-53.463727516797896,-32.48546725601958],[-53.646966995226954,-32.31318868362914],[-53.725409006021074,-32.098244697124535],[-53.87024489876016,-31.99897369475897],[-54.022736649847026,-31.902370446532863],[-54.4670762690795,-31.613431633840506],[-54.67012096080265,-31.45437653582057],[-54.90432434531005,-31.384839635747646],[-55.01966572416421,-31.267527141453236],[-55.16247266986448,-31.279525033408813],[-55.31142521021686,-31.147774031232135],[-55.399941568780314,-31.02900174787141],[-55.503985910812304,-30.92504915447246],[-55.65766052879031,-30.864047857519118],[-55.731162968822225,-30.97442281562697],[-55.925432952424025,-31.076919330072723],[-55.993890907715084,-30.847508369866464],[-56.132874136371804,-30.73173560664224],[-56.2562336020196,-30.58875909075778],[-56.36593047807073,-30.502968114436165],[-56.505537118411844,-30.383125480644733],[-56.62450859588936,-30.24814948974682],[-56.818056422111006,-30.107751840079185],[-57.06104297100948,-30.090450448715846],[-57.16772715356176,-30.217854023068025],[-57.35398579110977,-30.285704052044718],[-57.643318682471964,-30.193642489933055],[-57.04617068944605,-29.70195060875141],[-56.51285843805423,-29.091777012403725],[-56.01965711677248,-28.613926174622332],[-55.72437488295803,-28.401408806624893],[-55.595767635063254,-28.116237607598027],[-55.382524338501256,-27.9967679921623],[-55.08122354249321,-27.843419267374994],[-54.90466608109713,-27.659983858171756],[-54.67892102014046,-27.51471643820989],[-54.44867164577195,-27.454594543025955],[-54.26738028194322,-27.43750511961995],[-54.1113308460671,-27.302751929402817],[-53.86057936685619,-27.128290136046797],[-53.61912819828678,-27.18880622603562],[-53.418784258409815,-27.143721055368033],[-53.25658627273218,-27.180186943888906],[-53.022529305547714,-27.083576626037626],[-52.93637547039672,-27.176447139611568],[-52.71490817905795,-27.236888976887766],[-52.47739189434075,-27.2627071164682],[-52.356592508190275,-27.292436729654355],[-52.18023262593352,-27.276894074273574],[-52.01982054557126,-27.362624204605435],[-51.90097538126808,-27.463167374630196],[-51.80229804283674,-27.504364033491218],[-51.61968345735595,-27.500736958206918],[-51.43563201992008,-27.633067354104014],[-51.27301837017014,-27.735620246562902],[-51.0554616545911,-27.887046148604693],[-50.875437505304895,-28.05521801012835],[-50.75863091971259,-28.20984236050374],[-50.52798484762277,-28.42245269131662],[-50.292752490460124,-28.450497165742412],[-50.1456509114012,-28.44644162461318],[-49.97154586772764,-28.439116928773082],[-49.863869514294336,-28.473670090697397],[-49.74534636167178,-28.49386320367467],[-49.728260816283516,-28.623356241183473],[-49.823181825488405,-28.68818232775077],[-49.88500648288701,-28.729882441281674],[-49.956679190385046,-28.791415016707194],[-49.938503380209475,-28.97869093795861],[-49.968051416058074,-29.068072397009217],[-49.9839611230872,-29.117632072403836],[-50.051908936308,-29.18640718777768],[-50.08568820596921,-29.193613436958827],[-50.140690803512605,-29.201881186390672],[-50.136176735085286,-29.299254855780536],[-50.03727515423255,-29.35136529280835],[-49.969733092376494,-29.20317573911638],[-49.82134390245206,-29.28317318689504],[-49.71169880321688,-29.325787538199826]]]]}},{"type":"Feature","properties":{"uf":"SC","nome":"Santa Catarina"},"geometry":{"type":"MultiPolygon","coordinates":[[[[-48.63324343302349,-25.973191518595616],[-48.56308535836206,-26.170494915791533],[-48.68683642835099,-26.688022257005063],[-48.627233189122805,-26.959807735433944],[-48.59701018024001,-27.08966380830427],[-48.47633641048507,-27.155585722712086],[-48.613470290465145,-27.248822714207183],[-48.54913124375209,-27.411002550674365],[-48.358779670358714,-27.441725764622923],[-48.50232474285807,-27.719202278493],[-48.597941832409425,-27.853188439044757],[-48.63172005323595,-28.083785406282885],[-48.707229814536596,-28.313624919664186],[-48.78178166932548,-28.564513189860758],[-49.74658897689173,-29.324697573278666],[-49.85808296767018,-29.24175871497749],[-50.11466606053151,-29.259238988184652],[-50.12790678204697,-29.298531779448876],[-50.139250672798966,-29.192632920990203],[-50.09940930870819,-29.163865204642455],[-50.00986377861808,-29.157315458444412],[-49.94252329529412,-29.064704828462478],[-49.94400820461129,-28.985922676739435],[-49.95677481138645,-28.771244322989006],[-49.87051852056831,-28.714425414198516],[-49.80812808202443,-28.62992442187716],[-49.72920502310353,-28.514615193339175],[-49.863869514294336,-28.473670090697397],[-50.0163742700224,-28.45011950891573],[-50.18882709379279,-28.45272261505717],[-50.424302617238524,-28.432893298229235],[-50.74198654992223,-28.249709377745482],[-50.874943941187745,-28.041330217270016],[-51.087734135247615,-27.831837110369843],[-51.33153555511915,-27.67109375941616],[-51.586959190791355,-27.563272166312654],[-51.7829198940617,-27.491799829651026],[-51.928086996360854,-27.46318079301631],[-52.07311703313235,-27.338313409210503],[-52.235104082831846,-27.265571332596902],[-52.43194805250713,-27.227739887007107],[-52.70681649336363,-27.272875005897255],[-52.95908225190119,-27.163438209056572],[-53.086561053056776,-27.163332627565932],[-53.33038941101612,-27.118888146683474],[-53.54847869401923,-27.176086603585897],[-53.83633719055542,-27.154795680611173],[-53.75833729118079,-27.061886986569203],[-53.68068729495684,-26.93800783642133],[-53.69952051431365,-26.77129740229504],[-53.7184701150623,-26.666881295201293],[-53.72418417629939,-26.55410363127126],[-53.69639084359355,-26.445632157915618],[-53.64372239401061,-26.253079391159563],[-53.52270655427547,-26.292519372717575],[-53.37557965793535,-26.2419989441744],[-53.27961770147693,-26.25993025359412],[-53.162297129230616,-26.35158897133982],[-53.08049476640259,-26.388499306829235],[-52.929256089966465,-26.36107791685681],[-52.78095662258961,-26.349514931878048],[-52.63651504952637,-26.3850925904741],[-52.5233909521031,-26.40019274357444],[-52.39999322584658,-26.42515279617236],[-52.272773462387605,-26.461896692996383],[-52.13403121814665,-26.470449814836286],[-52.06524251784684,-26.523146115453226],[-51.979821188276375,-26.569507917196763],[-51.843789920895546,-26.595029358583783],[-51.49964874409732,-26.585687595900602],[-51.405585332577445,-26.67634083483325],[-51.33188235080015,-26.647248904350004],[-51.26805584425102,-26.63790459576141],[-51.22728524503641,-26.585506646420512],[-51.26489147125001,-26.510850973274472],[-51.25963268885818,-26.46967259753756],[-51.27595647767716,-26.401905469241758],[-51.255762428594466,-26.345792330795025],[-51.19344342394473,-26.30186430730304],[-51.10398479998506,-26.27265070841823],[-50.9838253952669,-26.239910412750586],[-50.89357097091355,-26.28793476226692],[-50.74704031283684,-26.244557120495408],[-50.64252108729425,-26.082942532276768],[-50.59310968496903,-26.0257691084853],[-50.51520846436479,-26.027100620703106],[-50.460527563813116,-26.02708064074839],[-50.40731092283356,-26.065721311155144],[-50.33078425066778,-26.132042478209495],[-50.33191944051066,-26.08362285676415],[-50.24542160448993,-26.032562138965023],[-50.17405547518129,-26.06459420118832],[-50.1343250617351,-26.044068735378566],[-50.03213627526457,-26.027646349761476],[-49.96393541450061,-26.029138110567484],[-49.880978578815785,-26.031712129812984],[-49.824690334537344,-26.09306558572747],[-49.751254419857005,-26.119591359293544],[-49.67380235597357,-26.184161250121107],[-49.63522456990047,-26.20858844129837],[-49.59172824232796,-26.230110754696106],[-49.542840393690426,-26.223718616594077],[-49.49819330891934,-26.218954595651855],[-49.486490189378486,-26.180811663950006],[-49.42170237073472,-26.16662872582733],[-49.370478158267865,-26.154942062544833],[-49.35496207328753,-26.13654301238984],[-49.329733822445064,-26.11816115667618],[-49.298969170049155,-26.104037725719937],[-49.293543919510554,-26.08417024939676],[-49.265245849875605,-26.071443074136987],[-49.25474039049436,-26.058064668995875],[-49.223644270468405,-26.02938039232196],[-49.19190791466782,-26.009421246474055],[-49.14931026773595,-26.01217531441005],[-49.1287739960391,-25.998044157870034],[-49.093481100050596,-26.01025002481609],[-49.05520997906478,-26.020503412661725],[-48.98637613332978,-26.000805531484406],[-48.819822019371195,-25.98199104118825],[-48.63324343302349,-25.973191518595616]]]]}},{"type":"Feature","properties":{"uf":"SE","nome":"Sergipe"},"geometry":{"type":"MultiPolygon","coordinates":[[[[-36.39391857764863,-10.500373496970136],[-36.40628370272587,-10.517729392025814],[-36.62047576306366,-10.589475957482065],[-36.808330915291954,-10.704636577021656],[-36.933036847950504,-10.826862797145436],[-37.012358436803716,-10.927620070486519],[-37.0262351166796,-10.964144478313612],[-37.157479584682974,-11.15787357509459],[-37.26126730246234,-11.288876998618823],[-37.32569469340268,-11.431876829861071],[-37.37329148139569,-11.454665803598997],[-37.45021037222015,-11.520422106940565],[-37.51612455757603,-11.535887512327704],[-37.562316658210754,-11.543259729473904],[-37.5788920382379,-11.55202805857619],[-37.589411279103196,-11.52818143604091],[-37.628202378347076,-11.529731268633256],[-37.651736084091176,-11.51832435532324],[-37.661890853206074,-11.543482514204271],[-37.68473021245535,-11.562042564023738],[-37.69654527660274,-11.545067289035899],[-37.728014786236905,-11.552787890031308],[-37.76337391807095,-11.524707045280099],[-37.791172074272744,-11.523778314023003],[-37.819588083290746,-11.501704989742445],[-37.816290755344546,-11.492034465526554],[-37.848452744121566,-11.469947497827441],[-37.85348301208707,-11.45197642922913],[-37.8678093133982,-11.44251963010137],[-37.8661298445943,-11.42870901297916],[-37.8937592651194,-11.433770627200474],[-37.90396439907982,-11.423041049122391],[-37.91438990408723,-11.408171310205361],[-37.93530523809902,-11.413629821823562],[-37.94287274076869,-11.418640871474377],[-37.95259713017238,-11.395914427371553],[-37.96516204244814,-11.393165031433346],[-37.9687720379658,-11.381874836739483],[-37.98251835983118,-11.348216851171562],[-37.9983199400457,-11.335854269507665],[-37.99234685622863,-11.312800032401032],[-38.01079066365612,-11.294085781535129],[-37.99335807387977,-11.272975187325402],[-37.996000330043046,-11.259528359665094],[-37.99012310441957,-11.248702249034189],[-37.97785332751765,-11.221953141887148],[-37.98126747039493,-11.19890522508154],[-37.9873544324405,-11.196043703371238],[-38.02323060412823,-11.17797805563975],[-38.066784656417,-11.16092048561055],[-38.065486674597466,-11.123082521551044],[-38.08895691398826,-11.106339760192297],[-38.074918820517404,-11.076572873030486],[-38.09092697233963,-11.058085897128704],[-38.09805905563002,-11.038789206374142],[-38.12110973952405,-11.007395904566946],[-38.13993350249574,-11.009035506765787],[-38.17991637802542,-10.969753070665496],[-38.201049649377126,-10.938421641551296],[-38.21116187622116,-10.931267433876334],[-38.23648980896764,-10.881674222112105],[-38.24294746971937,-10.827996304075896],[-38.23638068292751,-10.796267957122412],[-38.21039248774655,-10.756613520375412],[-38.210833923726675,-10.717267078600317],[-38.170395534097125,-10.712362565999774],[-38.11246224787187,-10.713283055217243],[-38.04712012698056,-10.69353696446641],[-38.021462186338134,-10.730966350917774],[-37.97451880248154,-10.755246096188333],[-37.909300888978535,-10.729227450171628],[-37.86702975540828,-10.712315026896416],[-37.81396600339356,-10.691085726632782],[-37.83051292064596,-10.584732122918705],[-37.835366834208145,-10.57116441875012],[-37.831823858329784,-10.551359800229486],[-37.819558585968885,-10.539475250306214],[-37.813085628498854,-10.508520839628062],[-37.858930099464004,-10.430241174580141],[-37.842565893734545,-10.398538121723172],[-37.834111239576615,-10.380153871072139],[-37.813062614037136,-10.366244229808085],[-37.77662047791533,-10.344277195465372],[-37.74137912861729,-10.317967708510567],[-37.78296688759764,-10.180676584414572],[-37.798316176311324,-10.109068936605638],[-37.823962879332335,-10.03457017197109],[-37.875483895679494,-9.978808988747458],[-37.92736952797211,-9.965620628269415],[-37.968366360313574,-9.962821853011166],[-37.991850530391105,-9.902663548021186],[-37.972965371452915,-9.848164804782837],[-37.966703115830676,-9.816088472888362],[-38.0201488228449,-9.778005006794421],[-38.033641196839795,-9.760162549511168],[-38.041852450318075,-9.691421239395508],[-38.00703976570442,-9.651765453474953],[-37.99055149102835,-9.650423720029723],[-38.00877569607472,-9.63181637811003],[-38.040537576502906,-9.602619629629674],[-38.04030484117913,-9.572484413887768],[-38.02017551270173,-9.561888463834851],[-38.01391891944164,-9.535002021761214],[-37.95632599229841,-9.534118424225612],[-37.84225753378364,-9.579452220851767],[-37.81827992792873,-9.592929252418246],[-37.78512009892186,-9.63865555262054],[-37.71180049728359,-9.631334265018927],[-37.66651080913581,-9.666078874647713],[-37.60381640191163,-9.71826459287864],[-37.5535685092257,-9.740687558319252],[-37.466891379865004,-9.7495588916467],[-37.3976377863996,-9.777575374107926],[-37.34010335727701,-9.800567295380539],[-37.28545616742687,-9.830996713987975],[-37.235577803313916,-9.896071295666063],[-37.13268125157411,-9.913833444638973],[-37.06258220486056,-9.97790401172007],[-37.00555532496499,-9.976260158376448],[-36.95847707122715,-10.01296308668761],[-36.95644948185974,-10.02365020981579],[-36.952297679167124,-10.074821441285764],[-36.92159960641296,-10.128346032149166],[-36.88764261081876,-10.143054101375252],[-36.847302806645665,-10.176304794580645],[-36.835694518637396,-10.204108965574672],[-36.77690702205392,-10.225962983017823],[-36.74459812777524,-10.252194031714751],[-36.68514478569463,-10.275290813487212],[-36.644508001382974,-10.252573535123494],[-36.62197952462003,-10.25924066157445],[-36.591221722116465,-10.287416267699781],[-36.56594161273938,-10.329551396677859],[-36.5620090214446,-10.404447292450522],[-36.53861612681036,-10.422394066954588],[-36.51006942463966,-10.43284584506848],[-36.463570176018266,-10.406767319231255],[-36.43049955198683,-10.425341335856286],[-36.39391857764863,-10.500373496970136]]]]}},{"type":"Feature","properties":{"uf":"TO","nome":"Tocantins"},"geometry":{"type":"MultiPolygon","coordinates":[[[[-48.35615548078725,-5.171865964800251],[-47.744302068866624,-5.38014666424783],[-47.49336340481269,-5.730544916264083],[-47.40339126328175,-6.319964705799578],[-47.46321808552681,-6.607090049893747],[-47.57476623495057,-7.050351808143171],[-47.63914648568057,-7.305450756567107],[-47.52027198313669,-7.4321025468151936],[-47.387272462910545,-7.63514687544446],[-47.333522410685156,-7.678076011479225],[-47.261243775508014,-7.7411708337254],[-47.239187288674685,-7.813874268848734],[-47.15277493266807,-7.895060221734762],[-47.09777485642423,-7.98010271621702],[-46.981958488868074,-8.050535677442236],[-46.905184458837226,-7.986923546325421],[-46.80651936475638,-7.951223303706177],[-46.73744943111596,-7.9245394834210865],[-46.572297013501625,-7.914466737156994],[-46.50857672170725,-8.157545037966237],[-46.641293849961066,-8.321517149613582],[-46.78663671763006,-8.382254048556435],[-46.83231478272722,-8.464971271071997],[-46.85081916808615,-8.525837662747602],[-46.87874432406459,-8.572539561436068],[-46.91268366805197,-8.591860846484908],[-46.91187767759176,-8.619413928865729],[-46.91401786896316,-8.722460842694497],[-46.90979243313632,-8.8352926709079],[-46.98637918463241,-8.898740857077721],[-47.01522918098928,-8.975804740357379],[-47.05407229968495,-9.033767419183967],[-46.985502450212046,-9.076564285722696],[-46.93178375224092,-9.128082292119137],[-46.82274122852466,-9.266341480227222],[-46.741016733071596,-9.412039329307015],[-46.57576385935238,-9.50826857539412],[-46.59611962965025,-9.747269597449526],[-46.478592620363635,-9.923887668465213],[-46.210851053965776,-10.169755288812626],[-45.734242222868104,-10.18505807769267],[-45.82736678438016,-10.368262914979091],[-46.059449684754576,-10.593471783620402],[-46.25141002202837,-10.757094028922285],[-46.45335455666229,-11.15620801264372],[-46.525231670945956,-11.432828741285826],[-46.2134474743385,-11.59573203560411],[-46.22172627974951,-11.644745558957476],[-46.3568630286305,-11.759249709318707],[-46.31795263026641,-11.89850735653176],[-46.38181807464885,-12.052951839349639],[-46.39097053513951,-12.193895047836014],[-46.350455179819946,-12.324153671128904],[-46.30100452145996,-12.415798932774031],[-46.16062103434345,-12.528589438200802],[-46.293226615022824,-12.692839565362615],[-46.29303091738099,-12.860365219185056],[-46.16130350543101,-12.934029263905208],[-46.37333783722084,-12.984789863883423],[-46.40825870849682,-12.845810757912446],[-46.81886686318205,-13.014035432154254],[-46.89289268461954,-13.053240883914308],[-47.02280891654452,-13.142011061255525],[-47.097280820179606,-13.171801865905184],[-47.1828177077131,-13.188120685897967],[-47.30891888875838,-13.249741147559362],[-47.4377307426163,-13.279045129699398],[-47.5613128313629,-13.124685443997276],[-47.66995279452005,-13.168313081125314],[-47.649698935711655,-13.342657305605838],[-47.82395510318954,-13.311877835937606],[-47.943789380848216,-13.30707264170291],[-48.05242754410989,-13.255831236760827],[-48.097508407045304,-13.29191487691803],[-48.16264333971912,-13.207043751290634],[-48.216869694341625,-13.168596311279302],[-48.28787392174176,-13.203998417405385],[-48.35084021072895,-13.241866821285495],[-48.44682002657848,-13.283740224885985],[-48.469702674799755,-13.149594936251841],[-48.553570762619415,-13.301990157423838],[-48.592507903510395,-13.158670937580478],[-48.61023810745062,-13.060409924195021],[-48.70171573135458,-12.998123363389576],[-48.78671655809647,-12.885116541747841],[-48.84673020415139,-12.80981021001817],[-49.053433068661946,-12.908638110837625],[-49.14114906027895,-12.810393345332649],[-49.26742781924205,-12.944638267187381],[-49.5297447721039,-13.18757120092437],[-50.07885061634128,-12.905941202428838],[-50.22537760801154,-12.86160323694797],[-50.29260546540045,-12.839919829848093],[-50.29727072217593,-12.69188407773009],[-50.255126729983346,-12.625013084431053],[-50.22290914875385,-12.543584645203573],[-50.196539468254215,-12.413345010872895],[-50.325127660044124,-12.508808841320597],[-50.392707720338706,-12.613664428937184],[-50.47874246353137,-12.716287601203156],[-50.531938751064196,-12.8436247363296],[-50.63716246611968,-12.71978461446749],[-50.66938171418137,-12.580767912101344],[-50.6436630083153,-12.222967933841707],[-50.68260269740455,-11.86290543068884],[-50.73906559577323,-11.471369095400705],[-50.61738009320881,-11.03200415654132],[-50.60334747160844,-10.660010384178467],[-50.41824255068024,-10.356285887315991],[-50.22540862194778,-9.853963457593029],[-50.10529849217925,-9.475416440468846],[-49.78149605885656,-8.962103676778085],[-49.33804815949068,-8.410745602882105],[-49.162747997574044,-7.900541160988085],[-49.26579262280465,-7.367130379106398],[-49.15043963560588,-6.888862178588715],[-48.6639169068824,-6.562652079996947],[-48.43641221909963,-6.19341204900062],[-48.2954418928039,-5.82167551147766],[-48.32733119815663,-5.4869350590735255],[-48.720281641787786,-5.373651083072144],[-48.568533861311664,-5.262809052444183],[-48.35615548078725,-5.171865964800251]]]]}},{"type":"Feature","properties":{"uf":"PR","nome":"Paran\u00e1"},"geometry":{"type":"MultiPolygon","coordinates":[[[[-48.09764510651287,-25.31011130000609],[-48.14439570083611,-25.35522250466889],[-48.16549422514118,-25.38045605790899],[-48.21872734547876,-25.46651093909519],[-48.252587010103476,-25.47149765192536],[-48.25775986582449,-25.472772982537933],[-48.410543523169316,-25.619514496266994],[-48.52989740087885,-25.81042947165371],[-48.61206742291982,-25.981661189156743],[-48.964246191636185,-25.984915762995936],[-48.98705106641641,-26.005637059730983],[-49.04107769082248,-26.004412723498305],[-49.06863410301348,-26.003906051427446],[-49.10786594006888,-25.99990708096193],[-49.13033958938376,-26.00478051987073],[-49.147921263563816,-26.012273992743953],[-49.179100252903616,-26.004300143184985],[-49.19297151226554,-26.012881110282624],[-49.20882554638057,-26.020199627193996],[-49.2312865378558,-26.02915663888537],[-49.24318305231759,-26.044230727135083],[-49.256844158543416,-26.06703250724544],[-49.26648314538071,-26.07860839213514],[-49.29546468760192,-26.09148304757727],[-49.29509646121901,-26.102324457054873],[-49.32491511027061,-26.114137199535946],[-49.34467124659059,-26.12861005798309],[-49.36125152094297,-26.139827342075115],[-49.41114556073556,-26.15688059587451],[-49.43088047475731,-26.169677494862857],[-49.483363541942026,-26.182113648670665],[-49.496663707229494,-26.216901504695347],[-49.54228113538437,-26.22596055307665],[-49.5786912185848,-26.226564686917904],[-49.60571084969913,-26.212420884043507],[-49.63439159827686,-26.2005071537696],[-49.72903099690644,-26.150548399371672],[-49.80743340885438,-26.08946618009176],[-49.873167069208826,-26.033048316888664],[-49.99539284294163,-26.01191867651903],[-50.0799961676002,-26.036190772105012],[-50.14195829324049,-26.032914925327706],[-50.203552373285845,-26.061277930089496],[-50.32132108712253,-26.071727910964977],[-50.33046284606601,-26.13023232160004],[-50.460527563813116,-26.0270806407484],[-50.57888828357309,-26.00835530802378],[-50.678383521598455,-26.147993771168913],[-50.93542166622078,-26.233559097462162],[-51.087957229956,-26.242926896246512],[-51.11260412868555,-26.27486558365054],[-51.254556485506434,-26.336708204574112],[-51.300976391439,-26.418356199292912],[-51.266422575385874,-26.513063384672343],[-51.24219680792419,-26.627520527311397],[-51.30540243094908,-26.654617197584653],[-51.41027992522184,-26.71631559820708],[-51.696053636569296,-26.581886450586374],[-51.88711240822598,-26.58475537256344],[-52.09684484633154,-26.49885654588784],[-52.32924250145867,-26.4421548487624],[-52.53288761256746,-26.40205212547112],[-52.839750337545894,-26.34702948924176],[-53.04108487661215,-26.377184107434466],[-53.19898365234744,-26.330337889279452],[-53.28057758143679,-26.247054124490383],[-53.37239701134877,-26.24467854546268],[-53.44454378549694,-26.283993469394616],[-53.58010269217367,-26.272888303737492],[-53.64229063828522,-26.24379091317297],[-53.730244731880795,-26.060892796680456],[-53.83380964801093,-25.91150922295441],[-53.87154221002009,-25.694765942762142],[-54.06203824980064,-25.576432297942645],[-54.34090444908578,-25.599216073392785],[-54.60171608407622,-25.493164091363486],[-54.33015835877319,-24.545759734571696],[-54.0445691709567,-23.668631643148434],[-53.369610250607224,-22.792810540935623],[-52.34986893194612,-22.631165832090826],[-51.73617548747778,-22.624776055879806],[-50.99776904840922,-22.793426145731985],[-50.486589695787394,-22.937348761015635],[-50.00652340619353,-22.927417767434346],[-49.80834424084132,-23.09315368782715],[-49.636678401032114,-23.340262064448197],[-49.62046577745232,-23.50699208484762],[-49.548899345787504,-23.735285381594082],[-49.53123511932196,-23.927057049612934],[-49.45812123071341,-24.04562810326367],[-49.30626092634634,-24.254684777466686],[-49.25401670719749,-24.45623531866532],[-49.31283674003083,-24.583380122971267],[-49.18101277125772,-24.672144065597582],[-49.00850478006067,-24.66098147673233],[-48.78161171861988,-24.691034668020826],[-48.57949478265621,-24.686031223730406],[-48.55655727019128,-24.893296925445235],[-48.560749378529714,-25.06039380297367],[-48.56026288526995,-25.075460550785472],[-48.5331818324137,-25.09677540042844],[-48.50512453409817,-25.069946018962252],[-48.48343373468484,-25.039601902869272],[-48.45237577355478,-25.001390503272187],[-48.411498593922744,-24.980213361256308],[-48.358109332093846,-25.017950394491336],[-48.32388821607817,-25.04346113825594],[-48.298618511501076,-25.02733267184867],[-48.27519912986557,-25.016632415705853],[-48.25355242396585,-24.98110515381025],[-48.230321982393626,-25.008995095759857],[-48.21594052798656,-25.029069173873296],[-48.21216232368675,-25.063554513444927],[-48.20277309694303,-25.093992097989116],[-48.18016604019705,-25.13524921566169],[-48.16551765036844,-25.155412958633296],[-48.186902047503594,-25.187398827896953],[-48.175783513185436,-25.20767321804855],[-48.148737313073646,-25.2305901086198],[-48.10534030650456,-25.244056691],[-48.05767153579627,-25.21855442274724],[-48.09764510651287,-25.31011130000609]]],[[[-49.529383639166554,-26.224311719982396],[-49.52940486926915,-26.22452480032435],[-49.52987935458513,-26.223621016770633],[-49.52970885251728,-26.22379470042703],[-49.52953463575456,-26.22404873397523],[-49.529514580784515,-26.224078657038344],[-49.52943056890991,-26.224204006302642],[-49.52939354196524,-26.224259252419216],[-49.529383639166554,-26.224311719982396]]]]}},{"type":"Feature","properties":{"uf":"SP","nome":"S\u00e3o Paulo"},"geometry":{"type":"MultiPolygon","coordinates":[[[[-50.46993267824151,-19.780362707387336],[-48.845808616505025,-20.174248289519515],[-47.840443416805066,-19.995441837633006],[-47.28151160506595,-20.457695223378984],[-47.124018075517604,-21.1676911055197],[-46.72407755999971,-21.391625528842336],[-46.64693363642467,-21.968462530753904],[-46.58558494056925,-22.43994474386252],[-46.34468743989365,-22.904443180227666],[-45.9512514906754,-22.847586788842],[-45.848157499727115,-22.838024950619193],[-45.42658409093252,-22.621660465034555],[-44.731033022323615,-22.439756304055983],[-44.61398540641175,-22.61700232342287],[-44.53539931217204,-22.617283945274853],[-44.479329511481815,-22.612717198331726],[-44.37311423360491,-22.5799702345598],[-44.31468261485188,-22.597663149525633],[-44.22264709839294,-22.61467581073154],[-44.433183267677606,-22.861365124185387],[-44.793009072986365,-22.989452498249296],[-44.8401951727515,-23.264209693124364],[-44.949957254011295,-23.38287970685866],[-45.04001575448442,-23.424813541071124],[-45.02970880425848,-23.462579584847905],[-45.06717605218035,-23.495503523039023],[-45.1148172747364,-23.5006934251017],[-45.14514140319177,-23.49885635800987],[-45.18476368841181,-23.542450298239622],[-45.208273894715425,-23.58260026981244],[-45.2632764774314,-23.596243677902173],[-45.27733049339733,-23.57856463659866],[-45.28117649713136,-23.573484625440884],[-45.2891485320384,-23.57347460807638],[-45.2939305552769,-23.57435959814278],[-45.32928074013679,-23.58596052731394],[-45.33652078919148,-23.59264851510592],[-45.37991906488344,-23.625564437664174],[-45.42566548514454,-23.709403380344163],[-45.41196846600486,-23.724963418920865],[-45.39850042772319,-23.732893452952336],[-45.41277254481403,-23.753518432271914],[-45.39919056731392,-23.784670478930295],[-45.39937662334891,-23.80555348959887],[-45.40871168224929,-23.81226247239722],[-45.41100271780457,-23.821869472381636],[-45.422338782871776,-23.827561450138845],[-45.42872782114477,-23.831370437903697],[-45.437414849944986,-23.827801416650544],[-45.44831689666804,-23.827312392064584],[-45.47274799600327,-23.82422433586848],[-45.47892903482313,-23.8285883243186],[-45.49058209155804,-23.830639299302852],[-45.49411712522703,-23.83743129490987],[-45.50267417330795,-23.841340277755343],[-45.51165021211094,-23.84108625749064],[-45.511535199953826,-23.836725255495555],[-45.520260224289366,-23.831477233212006],[-45.527876251861464,-23.829271214982732],[-45.53849329986236,-23.82978019140321],[-45.53662325477992,-23.81598818851574],[-45.55520332103081,-23.810270143860162],[-45.55685128489616,-23.79404713185408],[-45.59038843865933,-23.796598057775668],[-45.601685491852095,-23.797989033048403],[-45.61705056536439,-23.800321999602666],[-45.62509260432409,-23.80172598217171],[-45.62556257881601,-23.791455975937748],[-45.641749630475694,-23.784335935841234],[-45.64680563685472,-23.778482921494597],[-45.66147271241986,-23.782764890518443],[-45.66934972921177,-23.776216869449694],[-45.68532080520475,-23.778556834500446],[-45.69458185707442,-23.782814815651108],[-45.70174786237529,-23.77317879465028],[-45.713014908580796,-23.772098768593985],[-45.733207987770236,-23.76884072120451],[-45.75638709414948,-23.77086566956722],[-45.7638921063672,-23.763302648819376],[-45.77901417890307,-23.76580661565147],[-45.79153823855867,-23.767730588076137],[-46.001645238468996,-23.800354122219506],[-46.12739093874451,-23.857113855340636],[-46.17272630562493,-23.91837977594493],[-46.20497367664589,-24.000693735583834],[-46.28087707880648,-24.026697566423426],[-46.29201311306997,-24.02181053782711],[-46.346184200349356,-23.97028738710844],[-46.39019152266724,-24.016865301079633],[-46.66742382071141,-24.12037470948795],[-46.73814740454216,-24.1607764585165],[-46.77251287395585,-24.179805213526006],[-46.78869631924266,-24.187904378371172],[-46.802052395686324,-24.197097738552166],[-46.80513980040486,-24.19962534779493],[-46.9189313594823,-24.265666308084718],[-47.00300466141277,-24.335436478994847],[-47.001899275421394,-24.397689933455926],[-47.07509473075873,-24.444054762440796],[-47.463717217939895,-24.706958552518127],[-47.49742738898805,-24.7219664114168],[-47.52606585253713,-24.736389077331],[-47.90240906471487,-25.054434497111007],[-48.10598118633841,-25.245385046053997],[-48.18564635523871,-25.20233727689444],[-48.182551551569446,-25.12805005382217],[-48.20919668862715,-25.028264908718914],[-48.25541268751541,-24.996443134780904],[-48.32409974242717,-25.043679094581297],[-48.43647899247337,-24.99277139731874],[-48.503208957209786,-25.078868779384177],[-48.55826808633027,-25.062568176645332],[-48.671750421951415,-24.703961775496527],[-49.17670298408046,-24.672490669095616],[-49.25470297120624,-24.318408112993033],[-49.57784520395787,-23.89792786939762],[-49.59847953267579,-23.38541511989278],[-50.2043577932925,-22.953274681238117],[-51.72928462375201,-22.6456226691773],[-52.32625132903298,-21.996864621930744],[-50.947513761630105,-20.03173857146841],[-50.46993267824151,-19.780362707387336]]],[[[-45.330196101008546,-23.722876599391444],[-45.32823109271198,-23.723011603791164],[-45.32466207876664,-23.72368661201335],[-45.32248707077905,-23.724293617129288],[-45.320804063234704,-23.72424262080586],[-45.318178053157176,-23.72481062689224],[-45.316330051283465,-23.72720463225505],[-45.31424304591683,-23.72866663763928],[-45.31333904569261,-23.730102640406457],[-45.31157903908225,-23.73053964451582],[-45.31000603415879,-23.731306648392458],[-45.30726702384529,-23.73197765478176],[-45.304931013276246,-23.731872659862926],[-45.302542003150464,-23.732026665200273],[-45.30018299543394,-23.73305167094423],[-45.298944993646224,-23.734454674428697],[-45.29776098883214,-23.734609677116108],[-45.29356597031928,-23.734602686333965],[-45.285910942232796,-23.736771704336764],[-45.271854888000526,-23.739748736830602],[-45.26809487281455,-23.74028774537849],[-45.268147880613576,-23.74318474684689],[-45.246836996412156,-23.823445837650343],[-45.25043781748595,-23.839113608305063],[-45.28512341772746,-23.863999282296096],[-45.26687077245555,-23.89270362829189],[-45.22926993238123,-23.90826741492852],[-45.23788080721015,-23.95429421111259],[-45.28979939498429,-23.916053478174437],[-45.35748076477844,-23.928651649373002],[-45.407843015661925,-23.93903554231725],[-45.424684091250235,-23.93941450477865],[-45.440587153406575,-23.936340467493064],[-45.44669216810814,-23.931744451386223],[-45.44756216854492,-23.930470448767306],[-45.44757916646235,-23.929664448307733],[-45.448306166103436,-23.928329445978008],[-45.45010917165571,-23.927425441458727],[-45.45118217526748,-23.927002438829188],[-45.45119617046255,-23.92518443784784],[-45.45133916859732,-23.924251437039473],[-45.45178816743707,-23.923076435417798],[-45.452903169247506,-23.921911432306725],[-45.45367617186935,-23.921614430416707],[-45.45430017329967,-23.921118428757147],[-45.455632178378394,-23.92081642560969],[-45.456607180650195,-23.920055423023896],[-45.45641717701068,-23.919009422904494],[-45.45816317956552,-23.917081417979283],[-45.459733185051626,-23.91653941417239],[-45.46069218535638,-23.915070411253442],[-45.46086418080605,-23.913086409832637],[-45.46005517086879,-23.910708410407995],[-45.46079317162147,-23.909771408262984],[-45.45984916353761,-23.908308409618126],[-45.459583154166666,-23.905244408616188],[-45.460368153222795,-23.903595405994817],[-45.46015814786681,-23.901939405601887],[-45.45996914183404,-23.899995405011317],[-45.46130113763797,-23.8962264000575],[-45.46119213072265,-23.893819399045988],[-45.46194912745695,-23.89134739605887],[-45.461276120638374,-23.889907396816298],[-45.46177611750092,-23.887907394651755],[-45.46030711044106,-23.887691397831944],[-45.458959100690876,-23.886268400110144],[-45.45694708910345,-23.885254404089146],[-45.455375080513,-23.884635407287657],[-45.45344507424584,-23.88547841205194],[-45.45150206258391,-23.88432241579953],[-45.45009005272694,-23.882964418251227],[-45.44864304256684,-23.881550420751143],[-45.44782503416182,-23.879753421641677],[-45.44561402185596,-23.878798426090565],[-45.445120012285166,-23.87602742574436],[-45.44300299887613,-23.874502429681804],[-45.44016697976821,-23.87202943472865],[-45.43762896409344,-23.870350439523026],[-45.4347489491159,-23.86949944551485],[-45.43255593239829,-23.866856449027566],[-45.43239892217865,-23.86327844749763],[-45.43075890801591,-23.860676449793285],[-45.426935887266986,-23.859218457564236],[-45.42446487918535,-23.8602794636403],[-45.42164486552141,-23.859821469694673],[-45.41671283863435,-23.857896479686563],[-45.41462781853159,-23.853795482173457],[-45.41489981324575,-23.851354480278125],[-45.414077806738355,-23.850270481538928],[-45.41412580240216,-23.848558480527878],[-45.41246779240878,-23.847550483692096],[-45.409991778588356,-23.84646048863543],[-45.40763676247785,-23.844306492744835],[-45.40492174985729,-23.844065498666456],[-45.40110372326849,-23.840394505226644],[-45.39817870404611,-23.83801351047724],[-45.39615968861993,-23.83555551366776],[-45.3939296717296,-23.832895517218585],[-45.39026364902751,-23.830432524065515],[-45.38534361790323,-23.82687753411521],[-45.38022958249648,-23.822025542897187],[-45.37668755919679,-23.819125548219144],[-45.37234553890631,-23.818698057631426],[-45.36894850893031,-23.813027562143706],[-45.36604948285632,-23.807998565887736],[-45.36624146003514,-23.79903256067008],[-45.36533444033721,-23.793082560499194],[-45.36116240468707,-23.786538566239276],[-45.358789384005746,-23.782660568416375],[-45.359484373373704,-23.777461564093237],[-45.353364337017574,-23.773898575722853],[-45.3525763271754,-23.771478576167183],[-45.351791313977834,-23.767777576916654],[-45.349742293107646,-23.763275579028516],[-45.35160629096827,-23.759338571795542],[-45.34551220953798,-23.7385555740823],[-45.34351819243642,-23.735383576774208],[-45.3422801777195,-23.731850577602543],[-45.34217116904774,-23.728726576160746],[-45.338560146574565,-23.72621658276798],[-45.33545412746104,-23.724139588491898],[-45.333442116459594,-23.72332059248217],[-45.330196101008546,-23.722876599391444]]],[[[-45.13835667146846,-23.79404209005218],[-45.138581549018156,-23.79502395411312],[-45.14083633094077,-23.798067545902235],[-45.14107439919002,-23.80006491250378],[-45.14066902349491,-23.80087477684305],[-45.13855896172558,-23.801106649578184],[-45.13820643874085,-23.801330190473017],[-45.13819401509227,-23.801871335804037],[-45.13783286688262,-23.80240785289342],[-45.13737080105275,-23.802493496949946],[-45.133113632791066,-23.80197429794677],[-45.13171675694847,-23.80211414507259],[-45.13111601895911,-23.802760583746455],[-45.12951356387689,-23.803160064466528],[-45.12822505222223,-23.803957159725304],[-45.12761939508292,-23.803784713949103],[-45.124974216464956,-23.804607431180745],[-45.124637788243625,-23.805097846190506],[-45.124825406464026,-23.8056315770819],[-45.12423021836646,-23.806612353932117],[-45.123127057132635,-23.806870063482858],[-45.12232586781986,-23.806580761066943],[-45.12161445386396,-23.80666018966284],[-45.12045548419187,-23.807229945510763],[-45.11957351723357,-23.807215446425356],[-45.11822562919288,-23.806811639136118],[-45.11603372294658,-23.807388680239214],[-45.11570631823999,-23.808062281332866],[-45.11602356278585,-23.808884631105148],[-45.11727979302998,-23.809908352944134],[-45.11763768422345,-23.81052524551171],[-45.11757388788604,-23.81473895202664],[-45.11797443968343,-23.816669434241344],[-45.118886909675105,-23.817028710453794],[-45.119504512393995,-23.81778760653432],[-45.120575433458576,-23.818288469480354],[-45.121761418394286,-23.81815822581956],[-45.123269619394776,-23.81750183015937],[-45.125254604229056,-23.815196934530764],[-45.125607871304965,-23.815006615652816],[-45.12656610454657,-23.81499946955796],[-45.12815745848813,-23.814563597840113],[-45.129387930131216,-23.814630170192235],[-45.1304937454861,-23.81364534122506],[-45.131945696132846,-23.813334923881513],[-45.132889967430245,-23.813373512842066],[-45.13366187124264,-23.813904715455557],[-45.13431487312165,-23.814664690456947],[-45.135209943314216,-23.814747035549004],[-45.13574123534565,-23.815389015749517],[-45.136946173368635,-23.816029964478307],[-45.138541915168496,-23.815917551930323],[-45.13986858389039,-23.816619153426373],[-45.14184302357568,-23.8173531525251],[-45.143289578433624,-23.81828636288787],[-45.14397294030674,-23.818991619790058],[-45.1454019639278,-23.82101560580151],[-45.147028978785535,-23.821640221595118],[-45.147046805646525,-23.82194038072427],[-45.14786183563826,-23.821698367807045],[-45.14806583907829,-23.821519204260746],[-45.148117882730325,-23.81937709794717],[-45.148414308831924,-23.8189103170378],[-45.150344769168,-23.817281694906004],[-45.15190665310623,-23.816513397061602],[-45.15326518684528,-23.814863838168602],[-45.1538333075527,-23.814550418751168],[-45.15517227923613,-23.815216779196497],[-45.155907805502494,-23.8152164955882],[-45.157240385599664,-23.814133259068637],[-45.15730204844435,-23.81204898576851],[-45.1579234629001,-23.808476587412574],[-45.15830337382224,-23.80818290141782],[-45.158577481383766,-23.807163094248477],[-45.16081361899128,-23.80780781372019],[-45.16147770839879,-23.807600121152085],[-45.1619496632553,-23.807124457854403],[-45.162141275195765,-23.806391042025794],[-45.161558445671716,-23.80526344167006],[-45.16067634354722,-23.804415309124508],[-45.158932834478165,-23.80313669422075],[-45.157839602733155,-23.802025775988792],[-45.156481345246,-23.801081616428643],[-45.15504948781589,-23.799516162681137],[-45.15252511539615,-23.797896676288474],[-45.1494699427469,-23.79555644864914],[-45.14871922242531,-23.79517611207492],[-45.145891401293525,-23.79533863933887],[-45.14538449669095,-23.795203229369307],[-45.1443433211987,-23.79448392723821],[-45.1423753264786,-23.79410597332063],[-45.14138784244613,-23.79424145555129],[-45.13917914556692,-23.793444049922147],[-45.13835667146846,-23.79404209005218]]]]}}]}